time,Think_1,Think_2,Think_3,Think_4,Think_5,Hungry_1,Hungry_2,Hungry_3,Hungry_4,Hungry_5,Eat_1,Eat_2,Eat_3,Eat_4,Eat_5,Fork_1,Fork_2,Fork_3,Fork_4,Fork_5
0.0,1.0,1.0,1.0,1.0,1.0,0.0,0.0,0.0,0.0,0.0,0.0,0.0,0.0,0.0,0.0,1.0,1.0,1.0,1.0,1.0
0.1,0.9093558854531524,0.9093558854531524,0.9093558854531524,0.9093558854531524,0.9093558854531524,0.08653628439377825,0.08653628439377825,0.08653628439377825,0.08653628439377825,0.08653628439377825,0.004107830153069341,0.004107830153069341,0.004107830153069341,0.004107830153069341,0.004107830153069341,0.9052480553000831,0.9052480553000831,0.9052480553000831,0.9052480553000831,0.9052480553000831
0.2,0.8350435514341317,0.8350435514341317,0.8350435514341317,0.8350435514341317,0.8350435514341317,0.15135905222572896,0.15135905222572896,0.15135905222572896,0.15135905222572896,0.15135905222572896,0.013597396340139416,0.013597396340139416,0.013597396340139416,0.013597396340139416,0.013597396340139416,0.8214461550939921,0.8214461550939921,0.8214461550939921,0.8214461550939921,0.8214461550939921
0.3,0.7739493479476515,0.7739493479476515,0.7739493479476515,0.7739493479476515,0.7739493479476515,0.20054459404000743,0.20054459404000743,0.20054459404000743,0.20054459404000743,0.20054459404000743,0.025506058012341126,0.025506058012341126,0.025506058012341126,0.025506058012341126,0.025506058012341126,0.7484432899353102,0.7484432899353102,0.7484432899353102,0.7484432899353102,0.7484432899353102
0.4,0.7235371832442686,0.7235371832442686,0.7235371832442686,0.7235371832442686,0.7235371832442686,0.23838114491449883,0.23838114491449883,0.23838114491449883,0.23838114491449883,0.23838114491449883,0.038081671841232484,0.038081671841232484,0.038081671841232484,0.038081671841232484,0.038081671841232484,0.6854555114030361,0.6854555114030361,0.6854555114030361,0.6854555114030361,0.6854555114030361
0.5,0.6817703531838561,0.6817703531838561,0.6817703531838561,0.6817703531838561,0.6817703531838561,0.26789809381463475,0.26789809381463475,0.26789809381463475,0.26789809381463475,0.26789809381463475,0.05033155300150904,0.05033155300150904,0.05033155300150904,0.05033155300150904,0.05033155300150904,0.631438800182347,0.631438800182347,0.631438800182347,0.631438800182347,0.631438800182347
0.6,0.6470214385987978,0.6470214385987978,0.6470214385987978,0.6470214385987978,0.6470214385987978,0.2912494358840739,0.2912494358840739,0.2912494358840739,0.2912494358840739,0.2912494358840739,0.061729125517128274,0.061729125517128274,0.061729125517128274,0.061729125517128274,0.061729125517128274,0.5852923130816694,0.5852923130816694,0.5852923130816694,0.5852923130816694,0.5852923130816694
0.7,0.6179911408234353,0.6179911408234353,0.6179911408234353,0.6179911408234353,0.6179911408234353,0.3099768482090133,0.3099768482090133,0.3099768482090133,0.3099768482090133,0.3099768482090133,0.07203201096755137,0.07203201096755137,0.07203201096755137,0.07203201096755137,0.07203201096755137,0.5459591298558838,0.5459591298558838,0.5459591298558838,0.5459591298558838,0.5459591298558838
0.8,0.5936377651243802,0.5936377651243802,0.5936377651243802,0.5936377651243802,0.5936377651243802,0.32519795879326946,0.32519795879326946,0.32519795879326946,0.32519795879326946,0.32519795879326946,0.08116427608235022,0.08116427608235022,0.08116427608235022,0.08116427608235022,0.08116427608235022,0.5124734890420299,0.5124734890420299,0.5124734890420299,0.5124734890420299,0.5124734890420299
0.9,0.5731300942093684,0.5731300942093684,0.5731300942093684,0.5731300942093684,0.5731300942093684,0.33772101465541715,0.33772101465541715,0.33772101465541715,0.33772101465541715,0.33772101465541715,0.08914889113521426,0.08914889113521426,0.08914889113521426,0.08914889113521426,0.08914889113521426,0.4839812030741541,0.4839812030741541,0.4839812030741541,0.4839812030741541,0.4839812030741541
1.0,0.5557914140856539,0.5557914140856539,0.5557914140856539,0.5557914140856539,0.5557914140856539,0.3481529840590764,0.3481529840590764,0.3481529840590764,0.3481529840590764,0.3481529840590764,0.09605560185526953,0.09605560185526953,0.09605560185526953,0.09605560185526953,0.09605560185526953,0.45973581223038423,0.45973581223038423,0.45973581223038423,0.45973581223038423,0.45973581223038423
1.1,0.5410742313060519,0.5410742313060519,0.5410742313060519,0.5410742313060519,0.5410742313060519,0.3569415763311882,0.3569415763311882,0.3569415763311882,0.3569415763311882,0.3569415763311882,0.10198419236275962,0.10198419236275962,0.10198419236275962,0.10198419236275962,0.10198419236275962,0.43909003894329224,0.43909003894329224,0.43909003894329224,0.43909003894329224,0.43909003894329224
1.2,0.5285376751774705,0.5285376751774705,0.5285376751774705,0.5285376751774705,0.5285376751774705,0.36442105589801804,0.36442105589801804,0.36442105589801804,0.36442105589801804,0.36442105589801804,0.10704126892451127,0.10704126892451127,0.10704126892451127,0.10704126892451127,0.10704126892451127,0.42149640625295914,0.42149640625295914,0.42149640625295914,0.42149640625295914,0.42149640625295914
1.3,0.5178191203397987,0.5178191203397987,0.5178191203397987,0.5178191203397987,0.5178191203397987,0.3708495476144285,0.3708495476144285,0.3708495476144285,0.3708495476144285,0.3708495476144285,0.11133133204577264,0.11133133204577264,0.11133133204577264,0.11133133204577264,0.11133133204577264,0.40648778829402593,0.40648778829402593,0.40648778829402593,0.40648778829402593,0.40648778829402593
1.4,0.5086179162198164,0.5086179162198164,0.5086179162198164,0.5086179162198164,0.5086179162198164,0.3764262880109364,0.3764262880109364,0.3764262880109364,0.3764262880109364,0.3764262880109364,0.11495579576924697,0.11495579576924697,0.11495579576924697,0.11495579576924697,0.11495579576924697,0.39366212045056936,0.39366212045056936,0.39366212045056936,0.39366212045056936,0.39366212045056936
1.5,0.5006895220494608,0.5006895220494608,0.5006895220494608,0.5006895220494608,0.5006895220494608,0.3813032766302223,0.3813032766302223,0.3813032766302223,0.3813032766302223,0.3813032766302223,0.11800720132031665,0.11800720132031665,0.11800720132031665,0.11800720132031665,0.11800720132031665,0.38268232072914415,0.38268232072914415,0.38268232072914415,0.38268232072914415,0.38268232072914415
1.6,0.4938356886922274,0.4938356886922274,0.4938356886922274,0.4938356886922274,0.4938356886922274,0.38559904578835846,0.38559904578835846,0.38559904578835846,0.38559904578835846,0.38559904578835846,0.12056526551941395,0.12056526551941395,0.12056526551941395,0.12056526551941395,0.12056526551941395,0.3732704231728134,0.3732704231728134,0.3732704231728134,0.3732704231728134,0.3732704231728134
1.7,0.48788727646614666,0.48788727646614666,0.48788727646614666,0.48788727646614666,0.48788727646614666,0.3894102515731448,0.3894102515731448,0.3894102515731448,0.3894102515731448,0.3894102515731448,0.12270247196070834,0.12270247196070834,0.12270247196070834,0.12270247196070834,0.12270247196070834,0.3651848045054382,0.3651848045054382,0.3651848045054382,0.3651848045054382,0.3651848045054382
1.8,0.4827020929791519,0.4827020929791519,0.4827020929791519,0.4827020929791519,0.4827020929791519,0.3928134675159894,0.3928134675159894,0.3928134675159894,0.3928134675159894,0.3928134675159894,0.1244844395048585,0.1244844395048585,0.1244844395048585,0.1244844395048585,0.1244844395048585,0.3582176534742933,0.3582176534742933,0.3582176534742933,0.3582176534742933,0.3582176534742933
1.9,0.47816463417676136,0.47816463417676136,0.47816463417676136,0.47816463417676136,0.47816463417676136,0.3958691331544508,0.3958691331544508,0.3958691331544508,0.3958691331544508,0.3958691331544508,0.1259662326687876,0.1259662326687876,0.1259662326687876,0.1259662326687876,0.1259662326687876,0.3521984015079737,0.3521984015079737,0.3521984015079737,0.3521984015079737,0.3521984015079737
2.0,0.47418181466339554,0.47418181466339554,0.47418181466339554,0.47418181466339554,0.47418181466339554,0.3986256511480354,0.3986256511480354,0.3986256511480354,0.3986256511480354,0.3986256511480354,0.12719253418856888,0.12719253418856888,0.12719253418856888,0.12719253418856888,0.12719253418856888,0.3469892804748266,0.3469892804748266,0.3469892804748266,0.3469892804748266,0.3469892804748266
2.1,0.47067251231460117,0.47067251231460117,0.47067251231460117,0.47067251231460117,0.47067251231460117,0.4011240409167635,0.4011240409167635,0.4011240409167635,0.4011240409167635,0.4011240409167635,0.12820344676863513,0.12820344676863513,0.12820344676863513,0.12820344676863513,0.12820344676863513,0.3424690655459659,0.3424690655459659,0.3424690655459659,0.3424690655459659,0.3424690655459659
2.2,0.4675665745331111,0.4675665745331111,0.4675665745331111,0.4675665745331111,0.4675665745331111,0.4033985411637143,0.4033985411637143,0.4033985411637143,0.4033985411637143,0.4033985411637143,0.12903488430317434,0.12903488430317434,0.12903488430317434,0.12903488430317434,0.12903488430317434,0.3385316902299366,0.3385316902299366,0.3385316902299366,0.3385316902299366,0.3385316902299366
2.3,0.4648050164359276,0.4648050164359276,0.4648050164359276,0.4648050164359276,0.4648050164359276,0.4054771421441329,0.4054771421441329,0.4054771421441329,0.4054771421441329,0.4054771421441329,0.12971784141993928,0.12971784141993928,0.12971784141993928,0.12971784141993928,0.12971784141993928,0.3350871750159881,0.3350871750159881,0.3350871750159881,0.3350871750159881,0.3350871750159881
2.4,0.4623422743417067,0.4623422743417067,0.4623422743417067,0.4623422743417067,0.4623422743417067,0.40738243943623337,0.40738243943623337,0.40738243943623337,0.40738243943623337,0.40738243943623337,0.13027528622205972,0.13027528622205972,0.13027528622205972,0.13027528622205972,0.13027528622205972,0.3320669881196468,0.3320669881196468,0.3320669881196468,0.3320669881196468,0.3320669881196468
2.5,0.4601398776286724,0.4601398776286724,0.4601398776286724,0.4601398776286724,0.4601398776286724,0.4091335633328649,0.4091335633328649,0.4091335633328649,0.4091335633328649,0.4091335633328649,0.13072655903846245,0.13072655903846245,0.13072655903846245,0.13072655903846245,0.13072655903846245,0.3294133185902098,0.3294133185902098,0.3294133185902098,0.3294133185902098,0.3294133185902098
2.6,0.4581632044845025,0.4581632044845025,0.4581632044845025,0.4581632044845025,0.4581632044845025,0.4107474432022169,0.4107474432022169,0.4107474432022169,0.4107474432022169,0.4107474432022169,0.13108935231328042,0.13108935231328042,0.13108935231328042,0.13108935231328042,0.13108935231328042,0.3270738521712219,0.3270738521712219,0.3270738521712219,0.3270738521712219,0.3270738521712219
2.7,0.45638147642482246,0.45638147642482246,0.45638147642482246,0.45638147642482246,0.45638147642482246,0.4122388111676258,0.4122388111676258,0.4122388111676258,0.4122388111676258,0.4122388111676258,0.1313797124075515,0.1313797124075515,0.1313797124075515,0.1313797124075515,0.1313797124075515,0.3250017640172709,0.3250017640172709,0.3250017640172709,0.3250017640172709,0.3250017640172709
2.8,0.45476804567747714,0.45476804567747714,0.45476804567747714,0.45476804567747714,0.45476804567747714,0.4136202404060511,0.4136202404060511,0.4136202404060511,0.4136202404060511,0.4136202404060511,0.13161171391647153,0.13161171391647153,0.13161171391647153,0.13161171391647153,0.13161171391647153,0.32315633176100544,0.32315633176100544,0.32315633176100544,0.32315633176100544,0.32315633176100544
2.9,0.45330302961604185,0.45330302961604185,0.45330302961604185,0.45330302961604185,0.45330302961604185,0.4149020572521879,0.4149020572521879,0.4149020572521879,0.4149020572521879,0.4149020572521879,0.1317949131317701,0.1317949131317701,0.1317949131317701,0.1317949131317701,0.1317949131317701,0.3215081164842715,0.3215081164842715,0.3215081164842715,0.3215081164842715,0.3215081164842715
3.0,0.4519704590867817,0.4519704590867817,0.4519704590867817,0.4519704590867817,0.4519704590867817,0.41609300373302566,0.41609300373302566,0.41609300373302566,0.41609300373302566,0.41609300373302566,0.13193653718019244,0.13193653718019244,0.13193653718019244,0.13193653718019244,0.13193653718019244,0.3200339219065891,0.3200339219065891,0.3200339219065891,0.3200339219065891,0.3200339219065891
3.1,0.45075552539608715,0.45075552539608715,0.45075552539608715,0.45075552539608715,0.45075552539608715,0.41720108381075055,0.41720108381075055,0.41720108381075055,0.41720108381075055,0.41720108381075055,0.13204339079316207,0.13204339079316207,0.13204339079316207,0.13204339079316207,0.13204339079316207,0.31871213460292497,0.31871213460292497,0.31871213460292497,0.31871213460292497,0.31871213460292497
3.2,0.44964453586336117,0.44964453586336117,0.44964453586336117,0.44964453586336117,0.44964453586336117,0.41823359241997415,0.41823359241997415,0.41823359241997415,0.41823359241997415,0.41823359241997415,0.13212187171666448,0.13212187171666448,0.13212187171666448,0.13212187171666448,0.13212187171666448,0.3175226641466966,0.3175226641466966,0.3175226641466966,0.3175226641466966,0.3175226641466966
3.3,0.4486249138210191,0.4486249138210191,0.4486249138210191,0.4486249138210191,0.4486249138210191,0.4191971154677337,0.4191971154677337,0.4191971154677337,0.4191971154677337,0.4191971154677337,0.13217797071124704,0.13217797071124704,0.13217797071124704,0.13217797071124704,0.13217797071124704,0.316446943109772,0.316446943109772,0.316446943109772,0.316446943109772,0.316446943109772
3.4,0.4476854144843501,0.4476854144843501,0.4476854144843501,0.4476854144843501,0.4476854144843501,0.42009751486388097,0.42009751486388097,0.42009751486388097,0.42009751486388097,0.42009751486388097,0.13221707065176874,0.13221707065176874,0.13221707065176874,0.13221707065176874,0.13221707065176874,0.3154683438325813,0.3154683438325813,0.3154683438325813,0.3154683438325813,0.3154683438325813
3.5,0.4468181856883394,0.4468181856883394,0.4468181856883394,0.4468181856883394,0.4468181856883394,0.42093965547666723,0.42093965547666723,0.42093965547666723,0.42093965547666723,0.42093965547666723,0.13224215883499316,0.13224215883499316,0.13224215883499316,0.13224215883499316,0.13224215883499316,0.31457602685334624,0.31457602685334624,0.31457602685334624,0.31457602685334624,0.31457602685334624
3.6,0.4460171973138983,0.4460171973138983,0.4460171973138983,0.4460171973138983,0.4460171973138983,0.4217276968654877,0.4217276968654877,0.4217276968654877,0.4217276968654877,0.4217276968654877,0.1322551058206138,0.1322551058206138,0.1322551058206138,0.1322551058206138,0.1322551058206138,0.31376209149328443,0.31376209149328443,0.31376209149328443,0.31376209149328443,0.31376209149328443
3.7,0.4452766456223108,0.4452766456223108,0.4452766456223108,0.4452766456223108,0.4452766456223108,0.4224655451897669,0.4224655451897669,0.4224655451897669,0.4224655451897669,0.4224655451897669,0.13225780918792207,0.13225780918792207,0.13225780918792207,0.13225780918792207,0.13225780918792207,0.3130188364343887,0.3130188364343887,0.3130188364343887,0.3130188364343887,0.3130188364343887
3.8,0.44459094538707916,0.44459094538707916,0.44459094538707916,0.44459094538707916,0.44459094538707916,0.4231568691149371,0.4231568691149371,0.4231568691149371,0.4231568691149371,0.4231568691149371,0.13225218549798348,0.13225218549798348,0.13225218549798348,0.13225218549798348,0.13225218549798348,0.31233875988909565,0.31233875988909565,0.31233875988909565,0.31233875988909565,0.31233875988909565
3.9,0.44395472989392387,0.44395472989392387,0.44395472989392387,0.44395472989392387,0.44395472989392387,0.423805099812438,0.423805099812438,0.423805099812438,0.423805099812438,0.423805099812438,0.1322401702936379,0.1322401702936379,0.1322401702936379,0.1322401702936379,0.1322401702936379,0.311714559600286,0.311714559600286,0.311714559600286,0.311714559600286,0.311714559600286
4.0,0.4433628509407835,0.4433628509407835,0.4433628509407835,0.4433628509407835,0.4433628509407835,0.42441343095971695,0.42441343095971695,0.42441343095971695,0.42441343095971695,0.42441343095971695,0.13222371809949934,0.13222371809949934,0.13222371809949934,0.13222371809949934,0.13222371809949934,0.31113913284128414,0.31113913284128414,0.31113913284128414,0.31113913284128414,0.31113913284128414
4.1,0.4428104537764915,0.4428104537764915,0.4428104537764915,0.4428104537764915,0.4428104537764915,0.42498480988803466,0.42498480988803466,0.42498480988803466,0.42498480988803466,0.42498480988803466,0.13220473633547367,0.13220473633547367,0.13220473633547367,0.13220473633547367,0.13220473633547367,0.31060571744101784,0.31060571744101784,0.31060571744101784,0.31060571744101784,0.31060571744101784
4.2,0.4422943596747408,0.4422943596747408,0.4422943596747408,0.4422943596747408,0.4422943596747408,0.42552172199065624,0.42552172199065624,0.42552172199065624,0.42552172199065624,0.42552172199065624,0.1321839183346028,0.1321839183346028,0.1321839183346028,0.1321839183346028,0.1321839183346028,0.310110441340138,0.310110441340138,0.310110441340138,0.310110441340138,0.310110441340138
4.3,0.44181237329623146,0.44181237329623146,0.44181237329623146,0.44181237329623146,0.44181237329623146,0.42602627828835776,0.42602627828835776,0.42602627828835776,0.42602627828835776,0.42602627828835776,0.13216134841541058,0.13216134841541058,0.13216134841541058,0.13216134841541058,0.13216134841541058,0.30965102488082086,0.30965102488082086,0.30965102488082086,0.30965102488082086,0.30965102488082086
4.4,0.4413622558365995,0.4413622558365995,0.4413622558365995,0.4413622558365995,0.4413622558365995,0.4265004906300559,0.4265004906300559,0.4265004906300559,0.4265004906300559,0.4265004906300559,0.13213725353334446,0.13213725353334446,0.13213725353334446,0.13213725353334446,0.13213725353334446,0.309225002303255,0.309225002303255,0.309225002303255,0.309225002303255,0.309225002303255
4.5,0.440941781902172,0.440941781902172,0.440941781902172,0.440941781902172,0.440941781902172,0.426946280104129,0.426946280104129,0.426946280104129,0.426946280104129,0.426946280104129,0.13211193799369889,0.13211193799369889,0.13211193799369889,0.13211193799369889,0.13211193799369889,0.30882984390847307,0.30882984390847307,0.30882984390847307,0.30882984390847307,0.30882984390847307
4.6,0.44054873950996765,0.44054873950996765,0.44054873950996765,0.44054873950996765,0.44054873950996765,0.42736547703841676,0.42736547703841676,0.42736547703841676,0.42736547703841676,0.42736547703841676,0.13208578345161545,0.13208578345161545,0.13208578345161545,0.13208578345161545,0.13208578345161545,0.30846295605835217,0.30846295605835217,0.30846295605835217,0.30846295605835217,0.30846295605835217
4.7,0.4401809300876965,0.4401809300876965,0.4401809300876965,0.4401809300876965,0.4401809300876965,0.42775982100022053,0.42775982100022053,0.42775982100022053,0.42775982100022053,0.42775982100022053,0.13205924891208284,0.13205924891208284,0.13205924891208284,0.13205924891208284,0.13205924891208284,0.30812168117561367,0.30812168117561367,0.30812168117561367,0.30812168117561367,0.30812168117561367
4.8,0.4398361684737599,0.4398361684737599,0.4398361684737599,0.4398361684737599,0.4398361684737599,0.4281309607963032,0.4281309607963032,0.4281309607963032,0.4281309607963032,0.4281309607963032,0.13203287072993675,0.13203287072993675,0.13203287072993675,0.13203287072993675,0.13203287072993675,0.3078032977438232,0.3078032977438232,0.3078032977438232,0.3078032977438232,0.3078032977438232
4.9,0.43951228291725075,0.43951228291725075,0.43951228291725075,0.43951228291725075,0.43951228291725075,0.42848045447288907,0.42848045447288907,0.42848045447288907,0.42848045447288907,0.42848045447288907,0.13200726260986004,0.13200726260986004,0.13200726260986004,0.13200726260986004,0.13200726260986004,0.30750502030739074,0.30750502030739074,0.30750502030739074,0.30750502030739074,0.30750502030739074
5.0,0.43920738530640624,0.43920738530640624,0.43920738530640624,0.43920738530640624,0.43920738530640624,0.4288097332187583,0.4288097332187583,0.4288097332187583,0.4288097332187583,0.4288097332187583,0.13198288147483528,0.13198288147483528,0.13198288147483528,0.13198288147483528,0.13198288147483528,0.30722450383157096,0.30722450383157096,0.30722450383157096,0.30722450383157096,0.30722450383157096
5.1,0.43892063296176487,0.43892063296176487,0.43892063296176487,0.43892063296176487,0.43892063296176487,0.4291199545097902,0.4291199545097902,0.4291199545097902,0.4291199545097902,0.4291199545097902,0.1319594125284448,0.1319594125284448,0.1319594125284448,0.1319594125284448,0.1319594125284448,0.3069612204333201,0.3069612204333201,0.3069612204333201,0.3069612204333201,0.3069612204333201
5.2,0.4386511341927406,0.4386511341927406,0.4386511341927406,0.4386511341927406,0.4386511341927406,0.42941218095246564,0.42941218095246564,0.42941218095246564,0.42941218095246564,0.42941218095246564,0.13193668485479362,0.13193668485479362,0.13193668485479362,0.13193668485479362,0.13193668485479362,0.30671444933794706,0.30671444933794706,0.30671444933794706,0.30671444933794706,0.30671444933794706
5.3,0.4383979702341123,0.4383979702341123,0.4383979702341123,0.4383979702341123,0.4383979702341123,0.4296874373300671,0.4296874373300671,0.4296874373300671,0.4296874373300671,0.4296874373300671,0.13191459243582043,0.13191459243582043,0.13191459243582043,0.13191459243582043,0.13191459243582043,0.306483377798292,0.306483377798292,0.306483377798292,0.306483377798292,0.306483377798292
5.4,0.4381602139633164,0.4381602139633164,0.4381602139633164,0.4381602139633164,0.4381602139633164,0.4299467093558868,0.4299467093558868,0.4299467093558868,0.4299467093558868,0.4299467093558868,0.1318930766807967,0.1318930766807967,0.1318930766807967,0.1318930766807967,0.1318930766807967,0.30626713728251975,0.30626713728251975,0.30626713728251975,0.30626713728251975,0.30626713728251975
5.5,0.4379369299004464,0.4379369299004464,0.4379369299004464,0.4379369299004464,0.4379369299004464,0.4301909436732268,0.4301909436732268,0.4301909436732268,0.4301909436732268,0.4301909436732268,0.13187212642632665,0.13187212642632665,0.13187212642632665,0.13187212642632665,0.13187212642632665,0.30606480347411985,0.30606480347411985,0.30606480347411985,0.30606480347411985,0.30606480347411985
5.6,0.4377271742082536,0.4377271742082536,0.4377271742082536,0.4377271742082536,0.4377271742082536,0.43042104785539903,0.43042104785539903,0.43042104785539903,0.43042104785539903,0.43042104785539903,0.13185177793634725,0.13185177793634725,0.13185177793634725,0.13185177793634725,0.13185177793634725,0.30587539627190635,0.30587539627190635,0.30587539627190635,0.30587539627190635,0.30587539627190635
5.7,0.4375299946921463,0.4375299946921463,0.4375299946921463,0.4375299946921463,0.4375299946921463,0.43063789040572525,0.43063789040572525,0.43063789040572525,0.43063789040572525,0.43063789040572525,0.13183211490212826,0.13183211490212826,0.13183211490212826,0.13183211490212826,0.13183211490212826,0.30569787979001806,0.30569787979001806,0.30569787979001806,0.30569787979001806,0.30569787979001806
5.8,0.43734443080019064,0.43734443080019064,0.43734443080019064,0.43734443080019064,0.43734443080019064,0.43084230075753704,0.43084230075753704,0.43084230075753704,0.43084230075753704,0.43084230075753704,0.13181326844227217,0.13181326844227217,0.13181326844227217,0.13181326844227217,0.13181326844227217,0.3055311623579184,0.3055311623579184,0.3055311623579184,0.3055311623579184,0.3055311623579184
5.9,0.43716951362310974,0.43716951362310974,0.43716951362310974,0.43716951362310974,0.43716951362310974,0.43103506927417584,0.43103506927417584,0.43103506927417584,0.43103506927417584,0.43103506927417584,0.13179541710271425,0.13179541710271425,0.13179541710271425,0.13179541710271425,0.13179541710271425,0.3053740965203954,0.3053740965203954,0.3053740965203954,0.3053740965203954,0.3053740965203954
6.0,0.4370042712674215,0.4370042712674215,0.4370042712674215,0.4370042712674215,0.4370042712674215,0.43121694683863393,0.43121694683863393,0.43121694683863393,0.43121694683863393,0.43121694683863393,0.13177878189394449,0.13177878189394449,0.13177878189394449,0.13177878189394449,0.13177878189394449,0.30522548937347677,0.30522548937347677,0.30522548937347677,0.30522548937347677,0.30522548937347677
6.1,0.43684815650427145,0.43684815650427145,0.43684815650427145,0.43684815650427145,0.43684815650427145,0.4313885879598516,0.4313885879598516,0.4313885879598516,0.4313885879598516,0.4313885879598516,0.1317632555358769,0.1317632555358769,0.1317632555358769,0.1317632555358769,0.1317632555358769,0.30508490096839436,0.30508490096839436,0.30508490096839436,0.30508490096839436,0.30508490096839436
6.2,0.43670088458496475,0.43670088458496475,0.43670088458496475,0.43670088458496475,0.43670088458496475,0.4315505236616189,0.4315505236616189,0.4315505236616189,0.4315505236616189,0.4315505236616189,0.13174859175341624,0.13174859175341624,0.13174859175341624,0.13174859175341624,0.13174859175341624,0.3049522928315484,0.3049522928315484,0.3049522928315484,0.3049522928315484,0.3049522928315484
6.3,0.43656206257016383,0.43656206257016383,0.43656206257016383,0.43656206257016383,0.43656206257016383,0.4317032620916554,0.4317032620916554,0.4317032620916554,0.4317032620916554,0.4317032620916554,0.13173467533818065,0.13173467533818065,0.13173467533818065,0.13173467533818065,0.13173467533818065,0.30482738723198305,0.30482738723198305,0.30482738723198305,0.30482738723198305,0.30482738723198305
6.4,0.436431293700247,0.436431293700247,0.436431293700247,0.436431293700247,0.436431293700247,0.4318472952868296,0.4318472952868296,0.4318472952868296,0.4318472952868296,0.4318472952868296,0.13172141101292328,0.13172141101292328,0.13172141101292328,0.13172141101292328,0.13172141101292328,0.3047098826873236,0.3047098826873236,0.3047098826873236,0.3047098826873236,0.3047098826873236
6.5,0.4363081773953087,0.4363081773953087,0.4363081773953087,0.4363081773953087,0.4363081773953087,0.43198309917315886,0.43198309917315886,0.43198309917315886,0.43198309917315886,0.43198309917315886,0.13170872343153234,0.13170872343153234,0.13170872343153234,0.13170872343153234,0.13170872343153234,0.3045994539637762,0.3045994539637762,0.3045994539637762,0.3045994539637762,0.3045994539637762
6.6,0.4361923092551592,0.4361923092551592,0.4361923092551592,0.4361923092551592,0.4361923092551592,0.43211113356580966,0.43211113356580966,0.43211113356580966,0.43211113356580966,0.43211113356580966,0.13169655717903098,0.13169655717903098,0.13169655717903098,0.13169655717903098,0.13169655717903098,0.3044957520761281,0.3044957520761281,0.3044957520761281,0.3044957520761281,0.3044957520761281
6.7,0.43608328105932503,0.43608328105932503,0.43608328105932503,0.43608328105932503,0.43608328105932503,0.43223184216909744,0.43223184216909744,0.43223184216909744,0.43223184216909744,0.43223184216909744,0.13168487677157745,0.13168487677157745,0.13168487677157745,0.13168487677157745,0.13168487677157745,0.30439840428774745,0.30439840428774745,0.30439840428774745,0.30439840428774745,0.30439840428774745
6.8,0.43598068076704843,0.43598068076704843,0.43598068076704843,0.43598068076704843,0.43598068076704843,0.43234565257648655,0.43234565257648655,0.43234565257648655,0.43234565257648655,0.43234565257648655,0.13167366665646493,0.13167366665646493,0.13167366665646493,0.13167366665646493,0.13167366665646493,0.3043070141105833,0.3043070141105833,0.3043070141105833,0.3043070141105833,0.3043070141105833
6.9,0.4358840925172878,0.4358840925172878,0.4358840925172878,0.4358840925172878,0.4358840925172878,0.4324529762705903,0.4324529762705903,0.4324529762705903,0.4324529762705903,0.4324529762705903,0.13166293121212175,0.13166293121212175,0.13166293121212175,0.13166293121212175,0.13166293121212175,0.3042211613051659,0.3042211613051659,0.3042211613051659,0.3042211613051659,0.3042211613051659
7.0,0.43579309662871757,0.43579309662871757,0.43579309662871757,0.43579309662871757,0.43579309662871757,0.4325542086231712,0.4325542086231712,0.4325542086231712,0.4325542086231712,0.4325542086231712,0.13165269474811112,0.13165269474811112,0.13165269474811112,0.13165269474811112,0.13165269474811112,0.30414040188060626,0.30414040188060626,0.30414040188060626,0.30414040188060626,0.30414040188060626
7.1,0.4357072695997281,0.4357072695997281,0.4357072695997281,0.4357072695997281,0.4357072695997281,0.4326497288951404,0.4326497288951404,0.4326497288951404,0.4326497288951404,0.4326497288951404,0.13164300150513136,0.13164300150513136,0.13164300150513136,0.13164300150513136,0.13164300150513136,0.3040642680945966,0.3040642680945966,0.3040642680945966,0.3040642680945966,0.3040642680945966
7.2,0.43562618410842574,0.43562618410842574,0.43562618410842574,0.43562618410842574,0.43562618410842574,0.43273990023655834,0.43273990023655834,0.43273990023655834,0.43273990023655834,0.43273990023655834,0.1316339156550158,0.1316339156550158,0.1316339156550158,0.1316339156550158,0.1316339156550158,0.30399226845340976,0.30399226845340976,0.30399226845340976,0.30399226845340976,0.30399226845340976
7.3,0.4355494090126329,0.4355494090126329,0.4355494090126329,0.4355494090126329,0.4355494090126329,0.4328250696866342,0.4328250696866342,0.4328250696866342,0.4328250696866342,0.4328250696866342,0.13162552130073274,0.13162552130073274,0.13162552130073274,0.13162552130073274,0.13162552130073274,0.3039238877119,0.3039238877119,0.3039238877119,0.3039238877119,0.3039238877119
7.4,0.43547662638807766,0.43547662638807766,0.43547662638807766,0.43547662638807766,0.43547662638807766,0.43290555799217434,0.43290555799217434,0.43290555799217434,0.43290555799217434,0.43290555799217434,0.1316178156197479,0.1316178156197479,0.1316178156197479,0.1316178156197479,0.1316178156197479,0.3038588107683296,0.3038588107683296,0.3038588107683296,0.3038588107683296,0.3038588107683296
7.5,0.4354077693944119,0.4354077693944119,0.4354077693944119,0.4354077693944119,0.4354077693944119,0.4329816057450678,0.4329816057450678,0.4329816057450678,0.4329816057450678,0.4329816057450678,0.13161062486052022,0.13161062486052022,0.13161062486052022,0.13161062486052022,0.13161062486052022,0.3037971445338915,0.3037971445338915,0.3037971445338915,0.3037971445338915,0.3037971445338915
7.6,0.43534270542215786,0.43534270542215786,0.43534270542215786,0.43534270542215786,0.43534270542215786,0.4330534206109687,0.4330534206109687,0.4330534206109687,0.4330534206109687,0.4330534206109687,0.13160387396687334,0.13160387396687334,0.13160387396687334,0.13160387396687334,0.13160387396687334,0.30373883145528435,0.30373883145528435,0.30373883145528435,0.30373883145528435,0.30373883145528435
7.7,0.4352812952454893,0.4352812952454893,0.4352812952454893,0.4352812952454893,0.4352812952454893,0.4331212057577537,0.4331212057577537,0.4331212057577537,0.4331212057577537,0.4331212057577537,0.13159749899675685,0.13159749899675685,0.13159749899675685,0.13159749899675685,0.13159749899675685,0.30368379624873226,0.30368379624873226,0.30368379624873226,0.30368379624873226,0.30368379624873226
7.8,0.4352233949374061,0.4352233949374061,0.4352233949374061,0.4352233949374061,0.4352233949374061,0.43318515992628565,0.43318515992628565,0.43318515992628565,0.43318515992628565,0.43318515992628565,0.13159144513630813,0.13159144513630813,0.13159144513630813,0.13159144513630813,0.13159144513630813,0.30363194980109776,0.30363194980109776,0.30363194980109776,0.30363194980109776,0.30363194980109776
7.9,0.4351688558697341,0.4351688558697341,0.4351688558697341,0.4351688558697341,0.4351688558697341,0.43324547743041353,0.43324547743041353,0.43324547743041353,0.43324547743041353,0.43324547743041353,0.1315856666998523,0.1315856666998523,0.1315856666998523,0.1315856666998523,0.1315856666998523,0.3035831891698816,0.3035831891698816,0.3035831891698816,0.3035831891698816,0.3035831891698816
8.0,0.43511752471312526,0.43511752471312526,0.43511752471312526,0.43511752471312526,0.43511752471312526,0.4333023481569724,0.4333023481569724,0.4333023481569724,0.4333023481569724,0.4333023481569724,0.1315801271299022,0.1315801271299022,0.1315801271299022,0.1315801271299022,0.1315801271299022,0.3035373975832229,0.3035373975832229,0.3035373975832229,0.3035373975832229,0.3035373975832229
8.1,0.4350692434370577,0.4350692434370577,0.4350692434370577,0.4350692434370577,0.4350692434370577,0.4333559575657837,0.4333559575657837,0.4333559575657837,0.4333559575657837,0.4333559575657837,0.1315747989971585,0.1315747989971585,0.1315747989971585,0.1315747989971585,0.1315747989971585,0.30349444443989904,0.30349444443989904,0.30349444443989904,0.30349444443989904,0.30349444443989904
8.2,0.4350238493098355,0.4350238493098355,0.4350238493098355,0.4350238493098355,0.4350238493098355,0.43340648668965487,0.43340648668965487,0.43340648668965487,0.43340648668965487,0.43340648668965487,0.1315696640005095,0.1315696640005095,0.1315696640005095,0.1315696640005095,0.1315696640005095,0.30345418530932583,0.30345418530932583,0.30345418530932583,0.30345418530932583,0.30345418530932583
8.3,0.4349811748985889,0.4349811748985889,0.4349811748985889,0.4349811748985889,0.4349811748985889,0.4334541121343795,0.4334541121343795,0.4334541121343795,0.4334541121343795,0.4334541121343795,0.13156471296703143,0.13156471296703143,0.13156471296703143,0.13156471296703143,0.13156471296703143,0.3034164619315573,0.3034164619315573,0.3034164619315573,0.3034164619315573,0.3034164619315573
8.4,0.43494104806927414,0.43494104806927414,0.43494104806927414,0.43494104806927414,0.43494104806927414,0.4334990060787376,0.4334990060787376,0.4334990060787376,0.4334990060787376,0.4334990060787376,0.13155994585198816,0.13155994585198816,0.13155994585198816,0.13155994585198816,0.13155994585198816,0.3033811022172858,0.3033811022172858,0.3033811022172858,0.3033811022172858,0.3033811022172858
8.5,0.43490329198667355,0.43490329198667355,0.43490329198667355,0.43490329198667355,0.43490329198667355,0.43354133627449504,0.43354133627449504,0.43354133627449504,0.43354133627449504,0.43354133627449504,0.1315553717388313,0.1315553717388313,0.1315553717388313,0.1315553717388313,0.1315553717388313,0.30334792024784213,0.30334792024784213,0.30334792024784213,0.30334792024784213,0.30334792024784213
8.6,0.4348677251143956,0.4348677251143956,0.4348677251143956,0.4348677251143956,0.4348677251143956,0.433581266046404,0.433581266046404,0.433581266046404,0.433581266046404,0.433581266046404,0.13155100883920026,0.13155100883920026,0.13155100883920026,0.13155100883920026,0.13155100883920026,0.3033167162751952,0.3033167162751952,0.3033167162751952,0.3033167162751952,0.3033167162751952
8.7,0.4348341612148748,0.4348341612148748,0.4348341612148748,0.4348341612148748,0.4348341612148748,0.4336189542922029,0.4336189542922029,0.4336189542922029,0.4336189542922029,0.4336189542922029,0.13154688449292223,0.13154688449292223,0.13154688449292223,0.13154688449292223,0.13154688449292223,0.3032872767219524,0.3032872767219524,0.3032872767219524,0.3032872767219524,0.3032872767219524
8.8,0.4348024093493716,0.4348024093493716,0.4348024093493716,0.4348024093493716,0.4348024093493716,0.43365455548261617,0.43365455548261617,0.43365455548261617,0.43365455548261617,0.43365455548261617,0.13154303516801213,0.13154303516801213,0.13154303516801213,0.13154303516801213,0.13154303516801213,0.3032593741813594,0.3032593741813594,0.3032593741813594,0.3032593741813594,0.3032593741813594
8.9,0.4347722738779728,0.4347722738779728,0.4347722738779728,0.4347722738779728,0.4347722738779728,0.4336882196613545,0.4336882196613545,0.4336882196613545,0.4336882196613545,0.4336882196613545,0.13153950646067258,0.13153950646067258,0.13153950646067258,0.13153950646067258,0.13153950646067258,0.3032327674173001,0.3032327674173001,0.3032327674173001,0.3032327674173001,0.3032327674173001
9.0,0.43474355445959106,0.43474355445959106,0.43474355445959106,0.43474355445959106,0.43474355445959106,0.4337200924451148,0.4337200924451148,0.4337200924451148,0.4337200924451148,0.4337200924451148,0.13153635309529405,0.13153635309529405,0.13153635309529405,0.13153635309529405,0.13153635309529405,0.3032072013642969,0.3032072013642969,0.3032072013642969,0.3032072013642969,0.3032072013642969
9.1,0.434716090588696,0.434716090588696,0.434716090588696,0.434716090588696,0.434716090588696,0.43375030551453053,0.43375030551453053,0.43375030551453053,0.43375030551453053,0.43375030551453053,0.13153360389677332,0.13153360389677332,0.13153360389677332,0.13153360389677332,0.13153360389677332,0.3031824866919226,0.3031824866919226,0.3031824866919226,0.3031824866919226,0.3031824866919226
9.2,0.434689883864343,0.434689883864343,0.434689883864343,0.434689883864343,0.434689883864343,0.43377893081604196,0.43377893081604196,0.43377893081604196,0.43377893081604196,0.43377893081604196,0.1315311853196149,0.1315311853196149,0.1315311853196149,0.1315311853196149,0.1315311853196149,0.30315869854472793,0.30315869854472793,0.30315869854472793,0.30315869854472793,0.30315869854472793
9.3,0.4346649636712814,0.4346649636712814,0.4346649636712814,0.4346649636712814,0.4346649636712814,0.43380602055225265,0.43380602055225265,0.43380602055225265,0.43380602055225265,0.43380602055225265,0.13152901577646584,0.13152901577646584,0.13152901577646584,0.13152901577646584,0.13152901577646584,0.30313594789481546,0.30313594789481546,0.30313594789481546,0.30313594789481546,0.30313594789481546
9.4,0.4346413487610001,0.4346413487610001,0.4346413487610001,0.4346413487610001,0.4346413487610001,0.4338316279571914,0.4338316279571914,0.4338316279571914,0.4338316279571914,0.4338316279571914,0.1315270232818084,0.1315270232818084,0.1315270232818084,0.1315270232818084,0.1315270232818084,0.3031143254791916,0.3031143254791916,0.3031143254791916,0.3031143254791916,0.3031143254791916
9.5,0.43461904727249273,0.43461904727249273,0.43461904727249273,0.43461904727249273,0.43461904727249273,0.4338558073068057,0.4338558073068057,0.4338558073068057,0.4338558073068057,0.4338558073068057,0.13152514542070148,0.13152514542070148,0.13152514542070148,0.13152514542070148,0.13152514542070148,0.30309390185179114,0.30309390185179114,0.30309390185179114,0.30309390185179114,0.30309390185179114
9.6,0.43459805673225815,0.43459805673225815,0.43459805673225815,0.43459805673225815,0.43459805673225815,0.43387861391896126,0.43387861391896126,0.43387861391896126,0.43387861391896126,0.43387861391896126,0.13152332934878044,0.13152332934878044,0.13152332934878044,0.13152332934878044,0.13152332934878044,0.3030747273834776,0.3030747273834776,0.3030747273834776,0.3030747273834776,0.3030747273834776
9.7,0.4345783640543001,0.4345783640543001,0.4345783640543001,0.4345783640543001,0.4345783640543001,0.4339001041534426,0.4339001041534426,0.4339001041534426,0.4339001041534426,0.4339001041534426,0.13152153179225712,0.13152153179225712,0.13152153179225712,0.13152153179225712,0.13152153179225712,0.30305683226204294,0.30305683226204294,0.30305683226204294,0.30305683226204294,0.30305683226204294
9.8,0.43455994554012745,0.43455994554012745,0.43455994554012745,0.43455994554012745,0.43455994554012745,0.4339203354119525,0.4339203354119525,0.4339203354119525,0.4339203354119525,0.4339203354119525,0.1315197190479199,0.1315197190479199,0.1315197190479199,0.1315197190479199,0.1315197190479199,0.30304022649220747,0.30304022649220747,0.30304022649220747,0.30304022649220747,0.30304022649220747
9.9,0.434542766878754,0.434542766878754,0.434542766878754,0.434542766878754,0.434542766878754,0.43393936613811224,0.43393936613811224,0.43393936613811224,0.43393936613811224,0.43393936613811224,0.13151786698313364,0.13151786698313364,0.13151786698313364,0.13151786698313364,0.13151786698313364,0.30302489989562026,0.30302489989562026,0.30302489989562026,0.30302489989562026,0.30302489989562026
10.0,0.4345267831466985,0.4345267831466985,0.4345267831466985,0.4345267831466985,0.4345267831466985,0.43395725581746164,0.43395725581746164,0.43395725581746164,0.43395725581746164,0.43395725581746164,0.13151596103583973,0.13151596103583973,0.13151596103583973,0.13151596103583973,0.13151596103583973,0.30301082211085867,0.30301082211085867,0.30301082211085867,0.30301082211085867,0.30301082211085867
10.1,0.4345119388079849,0.4345119388079849,0.4345119388079849,0.4345119388079849,0.4345119388079849,0.4339740649774589,0.4339740649774589,0.4339740649774589,0.4339740649774589,0.4339740649774589,0.13151399621455612,0.13151399621455612,0.13151399621455612,0.13151399621455612,0.13151399621455612,0.3029979425934287,0.3029979425934287,0.3029979425934287,0.3029979425934287,0.3029979425934287
10.2,0.434498167714142,0.434498167714142,0.434498167714142,0.434498167714142,0.434498167714142,0.4339898551874808,0.4339898551874808,0.4339898551874808,0.4339898551874808,0.4339898551874808,0.13151197709837711,0.13151197709837711,0.13151197709837711,0.13151197709837711,0.13151197709837711,0.3029861906157648,0.3029861906157648,0.3029861906157648,0.3029861906157648,0.3029861906157648
10.3,0.4344853931042037,0.4344853931042037,0.4344853931042037,0.4344853931042037,0.4344853931042037,0.4340046890588225,0.4340046890588225,0.4340046890588225,0.4340046890588225,0.4340046890588225,0.13150991783697366,0.13150991783697366,0.13150991783697366,0.13150991783697366,0.13150991783697366,0.30297547526723,0.30297547526723,0.30297547526723,0.30297547526723,0.30297547526723
10.4,0.4344735276047089,0.4344735276047089,0.4344735276047089,0.4344735276047089,0.4344735276047089,0.4340186302446978,0.4340186302446978,0.4340186302446978,0.4340186302446978,0.4340186302446978,0.13150784215059316,0.13150784215059316,0.13150784215059316,0.13150784215059316,0.13150784215059316,0.30296568545411573,0.30296568545411573,0.30296568545411573,0.30296568545411573,0.30296568545411573
10.5,0.43446247322970155,0.43446247322970155,0.43446247322970155,0.43446247322970155,0.43446247322970155,0.4340317434402388,0.4340317434402388,0.4340317434402388,0.4340317434402388,0.4340317434402388,0.13150578333005955,0.13150578333005955,0.13150578333005955,0.13150578333005955,0.13150578333005955,0.302956689899642,0.302956689899642,0.302956689899642,0.302956689899642,0.302956689899642
10.6,0.43445212138073047,0.43445212138073047,0.43445212138073047,0.43445212138073047,0.43445212138073047,0.4340440943824962,0.4340440943824962,0.4340440943824962,0.4340440943824962,0.4340440943824962,0.13150378423677322,0.13150378423677322,0.13150378423677322,0.13150378423677322,0.13150378423677322,0.30294833714395725,0.30294833714395725,0.30294833714395725,0.30294833714395725,0.30294833714395725
10.7,0.4344423528468497,0.4344423528468497,0.4344423528468497,0.4344423528468497,0.4344423528468497,0.4340557498504391,0.4340557498504391,0.4340557498504391,0.4340557498504391,0.4340557498504391,0.1315018973027111,0.1315018973027111,0.1315018973027111,0.1315018973027111,0.1315018973027111,0.30294045554413856,0.30294045554413856,0.30294045554413856,0.30294045554413856,0.30294045554413856
10.8,0.4344330378046181,0.4344330378046181,0.4344330378046181,0.4344330378046181,0.4344330378046181,0.4340667776649551,0.4340667776649551,0.4340667776649551,0.4340667776649551,0.4340667776649551,0.13150018453042667,0.13150018453042667,0.13150018453042667,0.13150018453042667,0.13150018453042667,0.30293285327419145,0.30293285327419145,0.30293285327419145,0.30293285327419145,0.30293285327419145
10.9,0.43442403581809974,0.43442403581809974,0.43442403581809974,0.43442403581809974,0.43442403581809974,0.43407724668885034,0.43407724668885034,0.43407724668885034,0.43407724668885034,0.43407724668885034,0.13149871749304984,0.13149871749304984,0.13149871749304984,0.13149871749304984,0.13149871749304984,0.3029253183250499,0.3029253183250499,0.3029253183250499,0.3029253183250499,0.3029253183250499
11.0,0.4344151958388635,0.4344151958388635,0.4344151958388635,0.4344151958388635,0.4344151958388635,0.43408722682684936,0.43408722682684936,0.43408722682684936,0.43408722682684936,0.43408722682684936,0.13149757733428705,0.13149757733428705,0.13149757733428705,0.13149757733428705,0.13149757733428705,0.3029176185045765,0.3029176185045765,0.3029176185045765,0.3029176185045765,0.3029176185045765
11.1,0.4344063562059609,0.4344063562059609,0.4344063562059609,0.4344063562059609,0.4344063562059609,0.4340967890255984,0.4340967890255984,0.4340967890255984,0.4340967890255984,0.4340967890255984,0.13149685476844056,0.13149685476844056,0.13149685476844056,0.13149685476844056,0.13149685476844056,0.30290950143752043,0.30290950143752043,0.30290950143752043,0.30290950143752043,0.30290950143752043
11.2,0.4343971077585633,0.4343971077585633,0.4343971077585633,0.4343971077585633,0.4343971077585633,0.4341060311317531,0.4341060311317531,0.4341060311317531,0.4341060311317531,0.4341060311317531,0.13149686110968345,0.13149686110968345,0.13149686110968345,0.13149686110968345,0.13149686110968345,0.3029002466488799,0.3029002466488799,0.3029002466488799,0.3029002466488799,0.3029002466488799
11.3,0.43438738685455097,0.43438738685455097,0.43438738685455097,0.43438738685455097,0.43438738685455097,0.4341149689654281,0.4341149689654281,0.4341149689654281,0.4341149689654281,0.4341149689654281,0.13149764418002083,0.13149764418002083,0.13149764418002083,0.13149764418002083,0.13149764418002083,0.30288974267453017,0.30288974267453017,0.30288974267453017,0.30288974267453017,0.30288974267453017
11.4,0.43437751388584067,0.43437751388584067,0.43437751388584067,0.43437751388584067,0.43437751388584067,0.4341235564857568,0.4341235564857568,0.4341235564857568,0.4341235564857568,0.4341235564857568,0.13149892962840243,0.13149892962840243,0.13149892962840243,0.13149892962840243,0.13149892962840243,0.30287858425743835,0.30287858425743835,0.30287858425743835,0.30287858425743835,0.30287858425743835
11.5,0.4343677722440507,0.4343677722440507,0.4343677722440507,0.4343677722440507,0.4343677722440507,0.43413175458096237,0.43413175458096237,0.43413175458096237,0.43413175458096237,0.43413175458096237,0.1315004731749868,0.1315004731749868,0.1315004731749868,0.1315004731749868,0.1315004731749868,0.302867299069064,0.302867299069064,0.302867299069064,0.302867299069064,0.302867299069064
11.6,0.43435840832050066,0.43435840832050066,0.43435840832050066,0.43435840832050066,0.43435840832050066,0.4341395310683579,0.4341395310683579,0.4341395310683579,0.4341395310683579,0.4341395310683579,0.13150206061114136,0.13150206061114136,0.13150206061114136,0.13150206061114136,0.13150206061114136,0.3028563477093594,0.3028563477093594,0.3028563477093594,0.3028563477093594,0.3028563477093594
11.7,0.4343496315062115,0.4343496315062115,0.4343496315062115,0.4343496315062115,0.4343496315062115,0.43414686069434616,0.43414686069434616,0.43414686069434616,0.43414686069434616,0.43414686069434616,0.13150350779944225,0.13150350779944225,0.13150350779944225,0.13150350779944225,0.13150350779944225,0.30284612370676933,0.30284612370676933,0.30284612370676933,0.30284612370676933,0.30284612370676933
11.8,0.4343416141919056,0.4343416141919056,0.4343416141919056,0.4343416141919056,0.4343416141919056,0.43415372513441985,0.43415372513441985,0.43415372513441985,0.43415372513441985,0.43415372513441985,0.13150466067367447,0.13150466067367447,0.13150466067367447,0.13150466067367447,0.13150466067367447,0.30283695351823126,0.30283695351823126,0.30283695351823126,0.30283695351823126,0.30283695351823126
11.9,0.4343344917680068,0.4343344917680068,0.4343344917680068,0.4343344917680068,0.4343344917680068,0.43416011299316126,0.43416011299316126,0.43416011299316126,0.43416011299316126,0.43416011299316126,0.1315053952388318,0.1315053952388318,0.1315053952388318,0.1315053952388318,0.1315053952388318,0.3028290965291751,0.3028290965291751,0.3028290965291751,0.3028290965291751,0.3028290965291751
12.0,0.43432836262464036,0.43432836262464036,0.43432836262464036,0.43432836262464036,0.43432836262464036,0.43416601980424263,0.43416601980424263,0.43416601980424263,0.43416601980424263,0.43416601980424263,0.13150561757111692,0.13150561757111692,0.13150561757111692,0.13150561757111692,0.13150561757111692,0.3028227450535236,0.3028227450535236,0.3028227450535236,0.3028227450535236,0.3028227450535236
12.1,0.4343232881516328,0.4343232881516328,0.4343232881516328,0.4343232881516328,0.4343232881516328,0.4341714480304259,0.4341714480304259,0.4341714480304259,0.4341714480304259,0.4341714480304259,0.1315052638179412,0.1315052638179412,0.1315052638179412,0.1315052638179412,0.1315052638179412,0.3028180243336917,0.3028180243336917,0.3028180243336917,0.3028180243336917,0.3028180243336917
12.2,0.43431929273851205,0.43431929273851205,0.43431929273851205,0.43431929273851205,0.43431929273851205,0.434176407063563,0.434176407063563,0.434176407063563,0.434176407063563,0.434176407063563,0.13150430019792486,0.13150430019792486,0.13150430019792486,0.13150430019792486,0.13150430019792486,0.30281499254058736,0.30281499254058736,0.30281499254058736,0.30281499254058736,0.30281499254058736
12.3,0.43431636377450766,0.43431636377450766,0.43431636377450766,0.43431636377450766,0.43431636377450766,0.4341809132245953,0.4341809132245953,0.4341809132245953,0.4341809132245953,0.4341809132245953,0.13150272300089694,0.13150272300089694,0.13150272300089694,0.13150272300089694,0.13150272300089694,0.30281364077361084,0.30281364077361084,0.30281364077361084,0.30281364077361084,0.30281364077361084
12.4,0.43431445164855026,0.43431445164855026,0.43431445164855026,0.43431445164855026,0.43431445164855026,0.4341849897635543,0.4341849897635543,0.4341849897635543,0.4341849897635543,0.4341849897635543,0.1315005585878953,0.1315005585878953,0.1315005585878953,0.1315005585878953,0.1315005585878953,0.3028138930606551,0.3028138930606551,0.3028138930606551,0.3028138930606551,0.3028138930606551
12.5,0.43431346974927215,0.43431346974927215,0.43431346974927215,0.43431346974927215,0.43431346974927215,0.43418866685956115,0.43418866685956115,0.43418866685956115,0.43418866685956115,0.43418866685956115,0.13149786339116662,0.13149786339116662,0.13149786339116662,0.13149786339116662,0.13149786339116662,0.3028156063581056,0.3028156063581056,0.3028156063581056,0.3028156063581056,0.3028156063581056
12.6,0.4343132944650068,0.4343132944650068,0.4343132944650068,0.4343132944650068,0.4343132944650068,0.4341919816208268,0.4341919816208268,0.4341919816208268,0.4341919816208268,0.4341919816208268,0.1314947239141663,0.1314947239141663,0.1314947239141663,0.1314947239141663,0.1314947239141663,0.3028185705508406,0.3028185705508406,0.3028185705508406,0.3028185705508406,0.3028185705508406
12.7,0.4343137651837893,0.4343137651837893,0.4343137651837893,0.4343137651837893,0.4343137651837893,0.4341949780846519,0.4341949780846519,0.4341949780846519,0.4341949780846519,0.4341949780846519,0.13149125673155868,0.13149125673155868,0.13149125673155868,0.13149125673155868,0.13149125673155868,0.3028225084522307,0.3028225084522307,0.3028225084522307,0.3028225084522307,0.3028225084522307
12.8,0.43431468429335596,0.43431468429335596,0.43431468429335596,0.43431468429335596,0.43431468429335596,0.4341977072174272,0.4341977072174272,0.4341977072174272,0.4341977072174272,0.4341977072174272,0.13148760848921678,0.13148760848921678,0.13148760848921678,0.13148760848921678,0.13148760848921678,0.3028270758041392,0.3028270758041392,0.3028270758041392,0.3028270758041392,0.3028270758041392
12.9,0.43431581718114454,0.43431581718114454,0.43431581718114454,0.43431581718114454,0.43431581718114454,0.4342002269146328,0.4342002269146328,0.4342002269146328,0.4342002269146328,0.4342002269146328,0.13148395590422254,0.13148395590422254,0.13148395590422254,0.13148395590422254,0.13148395590422254,0.302831861276922,0.302831861276922,0.302831861276922,0.302831861276922,0.302831861276922
13.0,0.43431689223429426,0.43431689223429426,0.43431689223429426,0.43431689223429426,0.43431689223429426,0.434202602000839,0.434202602000839,0.434202602000839,0.434202602000839,0.434202602000839,0.13148050576486664,0.13148050576486664,0.13148050576486664,0.13148050576486664,0.13148050576486664,0.3028363864694276,0.3028363864694276,0.3028363864694276,0.3028363864694276,0.3028363864694276
13.1,0.43431760083964566,0.43431760083964566,0.43431760083964566,0.43431760083964566,0.43431760083964566,0.43420490422970565,0.43420490422970565,0.43420490422970565,0.43420490422970565,0.43420490422970565,0.1314774949306486,0.1314774949306486,0.1314774949306486,0.1314774949306486,0.1314774949306486,0.30284010590899707,0.30284010590899707,0.30284010590899707,0.30284010590899707,0.30284010590899707
13.2,0.4343175973837407,0.4343175973837407,0.4343175973837407,0.4343175973837407,0.4343175973837407,0.43420721228398246,0.43420721228398246,0.43420721228398246,0.43420721228398246,0.43420721228398246,0.1314751903322767,0.1314751903322767,0.1314751903322767,0.1314751903322767,0.1314751903322767,0.302842407051464,0.302842407051464,0.302842407051464,0.302842407051464,0.302842407051464
13.3,0.4343164992528228,0.4343164992528228,0.4343164992528228,0.4343164992528228,0.4343164992528228,0.434209611775509,0.434209611775509,0.434209611775509,0.434209611775509,0.434209611775509,0.13147388897166812,0.13147388897166812,0.13147388897166812,0.13147388897166812,0.13147388897166812,0.30284261028115456,0.30284261028115456,0.30284261028115456,0.30284261028115456,0.30284261028115456
13.4,0.4343138868328366,0.4343138868328366,0.4343138868328366,0.4343138868328366,0.4343138868328366,0.4342121952452145,0.4342121952452145,0.4342121952452145,0.4342121952452145,0.4342121952452145,0.1314739179219488,0.1314739179219488,0.1314739179219488,0.1314739179219488,0.1314739179219488,0.30283996891088777,0.30283996891088777,0.30283996891088777,0.30283996891088777,0.30283996891088777
13.5,0.4343091681191762,0.4343091681191762,0.4343091681191762,0.4343091681191762,0.4343091681191762,0.4342150860112831,0.4342150860112831,0.4342150860112831,0.4342150860112831,0.4342150860112831,0.1314757458695406,0.1314757458695406,0.1314757458695406,0.1314757458695406,0.1314757458695406,0.30283342224963544,0.30283342224963544,0.30283342224963544,0.30283342224963544,0.30283342224963544
13.6,0.4343003818978711,0.4343003818978711,0.4343003818978711,0.4343003818978711,0.4343003818978711,0.43421863917341397,0.43421863917341397,0.43421863917341397,0.43421863917341397,0.43421863917341397,0.1314809789287148,0.1314809789287148,0.1314809789287148,0.1314809789287148,0.1314809789287148,0.3028194029691562,0.3028194029691562,0.3028194029691562,0.3028194029691562,0.3028194029691562
13.7,0.4342882672425979,0.4342882672425979,0.4342882672425979,0.4342882672425979,0.4342882672425979,0.4342227132178021,0.4342227132178021,0.4342227132178021,0.4342227132178021,0.4342227132178021,0.1314890195395999,0.1314890195395999,0.1314890195395999,0.1314890195395999,0.1314890195395999,0.3027992477029979,0.3027992477029979,0.3027992477029979,0.3027992477029979,0.3027992477029979
13.8,0.43427429210925916,0.43427429210925916,0.43427429210925916,0.43427429210925916,0.43427429210925916,0.43422703728291,0.43422703728291,0.43422703728291,0.43422703728291,0.43422703728291,0.1314986706078307,0.1314986706078307,0.1314986706078307,0.1314986706078307,0.1314986706078307,0.30277562150142834,0.30277562150142834,0.30277562150142834,0.30277562150142834,0.30277562150142834
13.9,0.4342597510283553,0.4342597510283553,0.4342597510283553,0.4342597510283553,0.4342597510283553,0.43423137296257697,0.43423137296257697,0.43423137296257697,0.43423137296257697,0.43423137296257697,0.13150887600906763,0.13150887600906763,0.13150887600906763,0.13150887600906763,0.13150887600906763,0.3027508750192875,0.3027508750192875,0.3027508750192875,0.3027508750192875,0.3027508750192875
14.0,0.4342457651049842,0.4342457651049842,0.4342457651049842,0.4342457651049842,0.4342457651049842,0.43423551430601864,0.43423551430601864,0.43423551430601864,0.43423551430601864,0.43423551430601864,0.13151872058899705,0.13151872058899705,0.13151872058899705,0.13151872058899705,0.13151872058899705,0.302727044515987,0.302727044515987,0.302727044515987,0.302727044515987,0.302727044515987
14.1,0.43423328201884154,0.43423328201884154,0.43423328201884154,0.43423328201884154,0.43423328201884154,0.43423928781782734,0.43423928781782734,0.43423928781782734,0.43423928781782734,0.43423928781782734,0.13152743016333104,0.13152743016333104,0.13152743016333104,0.13152743016333104,0.13152743016333104,0.3027058518555103,0.3027058518555103,0.3027058518555103,0.3027058518555103,0.3027058518555103
14.2,0.43422307602422067,0.43422307602422067,0.43422307602422067,0.43422307602422067,0.43422307602422067,0.4342425524579717,0.4342425524579717,0.4342425524579717,0.4342425524579717,0.4342425524579717,0.13153437151780753,0.13153437151780753,0.13153437151780753,0.13153437151780753,0.13153437151780753,0.30268870450641294,0.30268870450641294,0.30268870450641294,0.30268870450641294,0.30268870450641294
14.3,0.43421574795001255,0.43421574795001255,0.43421574795001255,0.43421574795001255,0.43421574795001255,0.43424519964179714,0.43424519964179714,0.43424519964179714,0.43424519964179714,0.43424519964179714,0.1315390524081902,0.1315390524081902,0.1315390524081902,0.1315390524081902,0.1315390524081902,0.3026766955418222,0.3026766955418222,0.3026766955418222,0.3026766955418222,0.3026766955418222
14.4,0.4342117251997059,0.4342117251997059,0.4342117251997059,0.4342117251997059,0.4342117251997059,0.4342471532400254,0.4342471532400254,0.4342471532400254,0.4342471532400254,0.4342471532400254,0.13154112156026856,0.13154112156026856,0.13154112156026856,0.13154112156026856,0.13154112156026856,0.3026706036394372,0.3026706036394372,0.3026706036394372,0.3026706036394372,0.3026706036394372
14.5,0.4342112617513871,0.4342112617513871,0.4342112617513871,0.4342112617513871,0.4342112617513871,0.4342483695787549,0.4342483695787549,0.4342483695787549,0.4342483695787549,0.4342483695787549,0.1315403686698579,0.1315403686698579,0.1315403686698579,0.1315403686698579,0.1315403686698579,0.302670893081529,0.302670893081529,0.302670893081529,0.302670893081529,0.302670893081529
14.6,0.43421443815774,0.43421443815774,0.43421443815774,0.43421443815774,0.43421443815774,0.4342488374394605,0.4342488374394605,0.4342488374394605,0.4342488374394605,0.4342488374394605,0.13153672440279937,0.13153672440279937,0.13153672440279937,0.13153672440279937,0.13153672440279937,0.3026777137549405,0.3026777137549405,0.3026777137549405,0.3026777137549405,0.3026777137549405
14.7,0.43422116154604645,0.43422116154604645,0.43422116154604645,0.43422116154604645,0.43422116154604645,0.43424857805899364,0.43424857805899364,0.43424857805899364,0.43424857805899364,0.43424857805899364,0.1315302603949598,0.1315302603949598,0.1315302603949598,0.1315302603949598,0.1315302603949598,0.3026909011510865,0.3026909011510865,0.3026909011510865,0.3026909011510865,0.3026909011510865
14.8,0.4342311656181857,0.4342311656181857,0.4342311656181857,0.4342311656181857,0.4342311656181857,0.43424764512958225,0.43424764512958225,0.43424764512958225,0.43424764512958225,0.43424764512958225,0.1315211892522319,0.1315211892522319,0.1315211892522319,0.1315211892522319,0.1315211892522319,0.30270997636595365,0.30270997636595365,0.30270997636595365,0.30270997636595365,0.30270997636595365
14.9,0.43424401065063484,0.43424401065063484,0.43424401065063484,0.43424401065063484,0.43424401065063484,0.43424612479883085,0.43424612479883085,0.43424612479883085,0.43424612479883085,0.43424612479883085,0.1315098645505342,0.1315098645505342,0.1315098645505342,0.1315098645505342,0.1315098645505342,0.3027341461001005,0.3027341461001005,0.3027341461001005,0.3027341461001005,0.3027341461001005
15.0,0.4342590834944685,0.4342590834944685,0.4342590834944685,0.4342590834944685,0.4342590834944685,0.4342441356697204,0.4342441356697204,0.4342441356697204,0.4342441356697204,0.4342441356697204,0.13149678083581096,0.13149678083581096,0.13149678083581096,0.13149678083581096,0.13149678083581096,0.30276230265865745,0.30276230265865745,0.30276230265865745,0.30276230265865745,0.30276230265865745
15.1,0.4342755975753591,0.4342755975753591,0.4342755975753591,0.4342755975753591,0.4342755975753591,0.4342418288006085,0.4342418288006085,0.4342418288006085,0.4342418288006085,0.4342418288006085,0.1314825736240323,0.1314825736240323,0.1314825736240323,0.1314825736240323,0.1314825736240323,0.30279302395132673,0.30279302395132673,0.30279302395132673,0.30279302395132673,0.30279302395132673
15.2,0.43429259289357663,0.43429259289357663,0.43429259289357663,0.43429259289357663,0.43429259289357663,0.4342393877052292,0.4342393877052292,0.4342393877052292,0.4342393877052292,0.4342393877052292,0.13146801940119404,0.13146801940119404,0.13146801940119404,0.13146801940119404,0.13146801940119404,0.3028245734923825,0.3028245734923825,0.3028245734923825,0.3028245734923825,0.3028245734923825
15.3,0.43430893602398885,0.43430893602398885,0.43430893602398885,0.43430893602398885,0.43430893602398885,0.43423702835269307,0.43423702835269307,0.43423702835269307,0.43423702835269307,0.43423702835269307,0.13145403562331798,0.13145403562331798,0.13145403562331798,0.13145403562331798,0.13145403562331798,0.30285490040067076,0.30285490040067076,0.30285490040067076,0.30285490040067076,0.30285490040067076
15.4,0.43432332011606106,0.43432332011606106,0.43432332011606106,0.43432332011606106,0.43432332011606106,0.4342349991674873,0.4342349991674873,0.4342349991674873,0.4342349991674873,0.4342349991674873,0.13144168071645151,0.13144168071645151,0.13144168071645151,0.13144168071645151,0.13144168071645151,0.3028816393996095,0.3028816393996095,0.3028816393996095,0.3028816393996095,0.3028816393996095
15.5,0.43433426489385635,0.43433426489385635,0.43433426489385635,0.43433426489385635,0.43433426489385635,0.43423358102947557,0.43423358102947557,0.43423358102947557,0.43423358102947557,0.43423358102947557,0.13143215407666795,0.13143215407666795,0.13143215407666795,0.13143215407666795,0.13143215407666795,0.3029021108171883,0.3029021108171883,0.3029021108171883,0.3029021108171883,0.3029021108171883
15.6,0.43434011665603545,0.43434011665603545,0.43434011665603545,0.43434011665603545,0.43434011665603545,0.43423308727389803,0.43423308727389803,0.43423308727389803,0.43423308727389803,0.43423308727389803,0.1314267960700664,0.1314267960700664,0.1314267960700664,0.1314267960700664,0.1314267960700664,0.302913320585969,0.302913320585969,0.302913320585969,0.302913320585969,0.302913320585969
15.7,0.43433904827585673,0.43433904827585673,0.43433904827585673,0.43433904827585673,0.43433904827585673,0.43423386369137146,0.43423386369137146,0.43423386369137146,0.43423386369137146,0.43423386369137146,0.13142708803277173,0.13142708803277173,0.13142708803277173,0.13142708803277173,0.13142708803277173,0.3029119602430849,0.3029119602430849,0.3029119602430849,0.3029119602430849,0.3029119602430849
15.8,0.4343290038843259,0.4343290038843259,0.4343290038843259,0.4343290038843259,0.4343290038843259,0.4342362965933188,0.4342362965933188,0.4342362965933188,0.4342362965933188,0.4342362965933188,0.13143469952235526,0.13143469952235526,0.13143469952235526,0.13143469952235526,0.13143469952235526,0.3028943043619705,0.3028943043619705,0.3028943043619705,0.3028943043619705,0.3028943043619705
15.9,0.4343081142340246,0.4343081142340246,0.4343081142340246,0.4343081142340246,0.4343081142340246,0.4342406849512093,0.4342406849512093,0.4342406849512093,0.4342406849512093,0.4342406849512093,0.13145120081476602,0.13145120081476602,0.13145120081476602,0.13145120081476602,0.13145120081476602,0.30285691341925847,0.30285691341925847,0.30285691341925847,0.30285691341925847,0.30285691341925847
16.0,0.43427953960146726,0.43427953960146726,0.43427953960146726,0.43427953960146726,0.43427953960146726,0.4342464325278282,0.4342464325278282,0.4342464325278282,0.4342464325278282,0.4342464325278282,0.13147402787070447,0.13147402787070447,0.13147402787070447,0.13147402787070447,0.13147402787070447,0.3028055117307627,0.3028055117307627,0.3028055117307627,0.3028055117307627,0.3028055117307627
16.1,0.4342472615603441,0.4342472615603441,0.4342472615603441,0.4342472615603441,0.4342472615603441,0.4342528156419364,0.4342528156419364,0.4342528156419364,0.4342528156419364,0.4342528156419364,0.13149992279771938,0.13149992279771938,0.13149992279771938,0.13149992279771938,0.13149992279771938,0.30274733876262466,0.30274733876262466,0.30274733876262466,0.30274733876262466,0.30274733876262466
16.2,0.4342147266486251,0.4342147266486251,0.4342147266486251,0.4342147266486251,0.4342147266486251,0.4342592082610889,0.4342592082610889,0.4342592082610889,0.4342592082610889,0.4342592082610889,0.13152606509028594,0.13152606509028594,0.13152606509028594,0.13152606509028594,0.13152606509028594,0.3026886615583391,0.3026886615583391,0.3026886615583391,0.3026886615583391,0.3026886615583391
16.3,0.4341848463685597,0.4341848463685597,0.4341848463685597,0.4341848463685597,0.4341848463685597,0.43426508200163455,0.43426508200163455,0.43426508200163455,0.43426508200163455,0.43426508200163455,0.13155007162980567,0.13155007162980567,0.13155007162980567,0.13155007162980567,0.13155007162980567,0.302634774738754,0.302634774738754,0.302634774738754,0.302634774738754,0.302634774738754
16.4,0.4341599971866771,0.4341599971866771,0.4341599971866771,0.4341599971866771,0.4341599971866771,0.4342700061287164,0.4342700061287164,0.4342700061287164,0.4342700061287164,0.4342700061287164,0.13156999668460642,0.13156999668460642,0.13156999668460642,0.13156999668460642,0.13156999668460642,0.30259000050207063,0.30259000050207063,0.30259000050207063,0.30259000050207063,0.30259000050207063
16.5,0.434142020533786,0.434142020533786,0.434142020533786,0.434142020533786,0.434142020533786,0.4342736475562715,0.4342736475562715,0.4342736475562715,0.4342736475562715,0.4342736475562715,0.13158433190994243,0.13158433190994243,0.13158433190994243,0.13158433190994243,0.13158433190994243,0.3025576886238435,0.3025576886238435,0.3025576886238435,0.3025576886238435,0.3025576886238435
16.6,0.4341322228049747,0.4341322228049747,0.4341322228049747,0.4341322228049747,0.4341322228049747,0.434275770847031,0.434275770847031,0.434275770847031,0.434275770847031,0.434275770847031,0.13159200634799423,0.13159200634799423,0.13159200634799423,0.13159200634799423,0.13159200634799423,0.3025402164569804,0.3025402164569804,0.3025402164569804,0.3025402164569804,0.3025402164569804
16.7,0.43413137535961127,0.43413137535961127,0.43413137535961127,0.43413137535961127,0.43413137535961127,0.43427623821251987,0.43427623821251987,0.43427623821251987,0.43427623821251987,0.43427623821251987,0.13159238642786877,0.13159238642786877,0.13159238642786877,0.13159238642786877,0.13159238642786877,0.3025389889317425,0.3025389889317425,0.3025389889317425,0.3025389889317425,0.3025389889317425
16.8,0.43413971452134326,0.43413971452134326,0.43413971452134326,0.43413971452134326,0.43413971452134326,0.4342750095130574,0.4342750095130574,0.4342750095130574,0.4342750095130574,0.4342750095130574,0.13158527596559924,0.13158527596559924,0.13158527596559924,0.13158527596559924,0.13158527596559924,0.302554438555744,0.302554438555744,0.302554438555744,0.302554438555744,0.302554438555744
16.9,0.43415694157809787,0.43415694157809787,0.43415694157809787,0.43415694157809787,0.43415694157809787,0.43427214225775673,0.43427214225775673,0.43427214225775673,0.43427214225775673,0.43427214225775673,0.13157091616414532,0.13157091616414532,0.13157091616414532,0.13157091616414532,0.13157091616414532,0.3025860254139526,0.3025860254139526,0.3025860254139526,0.3025860254139526,0.3025860254139526
17.0,0.43418222278208196,0.43418222278208196,0.43418222278208196,0.43418222278208196,0.43418222278208196,0.43426779160452506,0.43426779160452506,0.43426779160452506,0.43426779160452506,0.43426779160452506,0.13154998561339287,0.13154998561339287,0.13154998561339287,0.13154998561339287,0.13154998561339287,0.30263223716868903,0.30263223716868903,0.30263223716868903,0.30263223716868903,0.30263223716868903
17.1,0.4342141893497819,0.4342141893497819,0.4342141893497819,0.4342141893497819,0.4342141893497819,0.43426221036006374,0.43426221036006374,0.43426221036006374,0.43426221036006374,0.43426221036006374,0.13152360029015425,0.13152360029015425,0.13152360029015425,0.13152360029015425,0.13152360029015425,0.3026905890596276,0.3026905890596276,0.3026905890596276,0.3026905890596276,0.3026905890596276
17.2,0.4342509374619638,0.4342509374619638,0.4342509374619638,0.4342509374619638,0.4342509374619638,0.434255748979868,0.434255748979868,0.434255748979868,0.434255748979868,0.434255748979868,0.1314933135581681,0.1314933135581681,0.1314933135581681,0.1314933135581681,0.1314933135581681,0.30275762390379557,0.30275762390379557,0.30275762390379557,0.30275762390379557,0.30275762390379557
17.3,0.43429002826367324,0.43429002826367324,0.43429002826367324,0.43429002826367324,0.43429002826367324,0.4342488555682273,0.4342488555682273,0.4342488555682273,0.4342488555682273,0.4342488555682273,0.13146111616809936,0.13146111616809936,0.13146111616809936,0.13146111616809936,0.13146111616809936,0.3028289120955738,0.3028289120955738,0.3028289120955738,0.3028289120955738,0.3028289120955738
17.4,0.4343284878642356,0.4343284878642356,0.4343284878642356,0.4343284878642356,0.4343284878642356,0.4342420758782249,0.4342420758782249,0.4342420758782249,0.4342420758782249,0.4342420758782249,0.13142943625753942,0.13142943625753942,0.13142943625753942,0.13142943625753942,0.13142943625753942,0.302899051606696,0.302899051606696,0.302899051606696,0.302899051606696,0.302899051606696
17.5,0.4343628073372557,0.4343628073372557,0.4343628073372557,0.4343628073372557,0.4343628073372557,0.4342360533117383,0.4342360533117383,0.4342360533117383,0.4342360533117383,0.4342360533117383,0.1314011393510059,0.1314011393510059,0.1314011393510059,0.1314011393510059,0.1314011393510059,0.30296166798624957,0.30296166798624957,0.30296166798624957,0.30296166798624957,0.30296166798624957
17.6,0.434388942720618,0.434388942720618,0.434388942720618,0.434388942720618,0.434388942720618,0.434231528919439,0.434231528919439,0.434231528919439,0.434231528919439,0.434231528919439,0.1313795283599429,0.1313795283599429,0.1313795283599429,0.1313795283599429,0.1313795283599429,0.3030094143606749,0.3030094143606749,0.3030094143606749,0.3030094143606749,0.3030094143606749
17.7,0.4344023150164868,0.4344023150164868,0.4344023150164868,0.4344023150164868,0.4344023150164868,0.4342293414007924,0.4342293414007924,0.4342293414007924,0.4342293414007924,0.4342293414007924,0.13136834358272073,0.13136834358272073,0.13136834358272073,0.13136834358272073,0.13136834358272073,0.3030339714337658,0.3030339714337658,0.3030339714337658,0.3030339714337658,0.3030339714337658
17.8,0.43439781019130563,0.43439781019130563,0.43439781019130563,0.43439781019130563,0.43439781019130563,0.4342304271040581,0.4342304271040581,0.4342304271040581,0.4342304271040581,0.4342304271040581,0.13137176270463616,0.13137176270463616,0.13137176270463616,0.13137176270463616,0.13137176270463616,0.30302604748666917,0.30302604748666917,0.30302604748666917,0.30302604748666917,0.30302604748666917
17.9,0.4343723041820495,0.4343723041820495,0.4343723041820495,0.4343723041820495,0.4343723041820495,0.43423533528965386,0.43423533528965386,0.43423533528965386,0.43423533528965386,0.43423533528965386,0.13139236052829656,0.13139236052829656,0.13139236052829656,0.13139236052829656,0.13139236052829656,0.3029799436537527,0.3029799436537527,0.3029799436537527,0.3029799436537527,0.3029799436537527
18.0,0.43433491201929014,0.43433491201929014,0.43433491201929014,0.43433491201929014,0.43433491201929014,0.43424232395748835,0.43424232395748835,0.43424232395748835,0.43424232395748835,0.43424232395748835,0.13142276402322137,0.13142276402322137,0.13142276402322137,0.13142276402322137,0.13142276402322137,0.3029121479960685,0.3029121479960685,0.3029121479960685,0.3029121479960685,0.3029121479960685
18.1,0.434292019517826,0.434292019517826,0.434292019517826,0.434292019517826,0.434292019517826,0.4342502454957145,0.4342502454957145,0.4342502454957145,0.4342502454957145,0.4342502454957145,0.13145773498645943,0.13145773498645943,0.13145773498645943,0.13145773498645943,0.13145773498645943,0.30283428453136635,0.30283428453136635,0.30283428453136635,0.30283428453136635,0.30283428453136635
18.2,0.43424853187825313,0.43424853187825313,0.43424853187825313,0.43424853187825313,0.43424853187825313,0.43425822937973413,0.43425822937973413,0.43425822937973413,0.43425822937973413,0.43425822937973413,0.13149323874201263,0.13149323874201263,0.13149323874201263,0.13149323874201263,0.13149323874201263,0.3027552931362403,0.3027552931362403,0.3027552931362403,0.3027552931362403,0.3027552931362403
18.3,0.43420854704201367,0.43420854704201367,0.43420854704201367,0.43420854704201367,0.43420854704201367,0.43426554923818755,0.43426554923818755,0.43426554923818755,0.43426554923818755,0.43426554923818755,0.13152590371979866,0.13152590371979866,0.13152590371979866,0.13152590371979866,0.13152590371979866,0.3026826433222148,0.3026826433222148,0.3026826433222148,0.3026826433222148,0.3026826433222148
18.4,0.43417535569139554,0.43417535569139554,0.43417535569139554,0.43417535569139554,0.43417535569139554,0.4342716228529534,0.4342716228529534,0.4342716228529534,0.4342716228529534,0.4342716228529534,0.131553021455651,0.131553021455651,0.131553021455651,0.131553021455651,0.131553021455651,0.3026223342357443,0.3026223342357443,0.3026223342357443,0.3026223342357443,0.3026223342357443
18.5,0.43415144124953253,0.43415144124953253,0.43415144124953253,0.43415144124953253,0.43415144124953253,0.4342760121591485,0.4342760121591485,0.4342760121591485,0.4342760121591485,0.4342760121591485,0.13157254659131887,0.13157254659131887,0.13157254659131887,0.13157254659131887,0.13157254659131887,0.3025788946582134,0.3025788946582134,0.3025788946582134,0.3025788946582134,0.3025788946582134
18.6,0.4341384798804043,0.4341384798804043,0.4341384798804043,0.4341384798804043,0.4341384798804043,0.43427842324512833,0.43427842324512833,0.43427842324512833,0.43427842324512833,0.43427842324512833,0.13158309687446726,0.13158309687446726,0.13158309687446726,0.13158309687446726,0.13158309687446726,0.3025553830059369,0.3025553830059369,0.3025553830059369,0.3025553830059369,0.3025553830059369
18.7,0.4341373404888365,0.4341373404888365,0.4341373404888365,0.4341373404888365,0.4341373404888365,0.43427870635248644,0.43427870635248644,0.43427870635248644,0.43427870635248644,0.43427870635248644,0.13158395315867694,0.13158395315867694,0.13158395315867694,0.13158395315867694,0.13158395315867694,0.30255338733015935,0.30255338733015935,0.30255338733015935,0.30255338733015935,0.30255338733015935
18.8,0.4341480847205006,0.4341480847205006,0.4341480847205006,0.4341480847205006,0.4341480847205006,0.43427685587605486,0.43427685587605486,0.43427685587605486,0.43427685587605486,0.43427685587605486,0.13157505940344447,0.13157505940344447,0.13157505940344447,0.13157505940344447,0.13157505940344447,0.3025730253170559,0.3025730253170559,0.3025730253170559,0.3025730253170559,0.3025730253170559
18.9,0.43416996696191384,0.43416996696191384,0.43416996696191384,0.43416996696191384,0.43416996696191384,0.4342730103639039,0.4342730103639039,0.4342730103639039,0.4342730103639039,0.4342730103639039,0.13155702267418215,0.13155702267418215,0.13155702267418215,0.13155702267418215,0.13155702267418215,0.30261294428773144,0.30261294428773144,0.30261294428773144,0.30261294428773144,0.30261294428773144
19.0,0.43420143434043945,0.43420143434043945,0.43420143434043945,0.43420143434043945,0.43420143434043945,0.4342674525173424,0.4342674525173424,0.4342674525173424,0.4342674525173424,0.4342674525173424,0.13153111314221805,0.13153111314221805,0.13153111314221805,0.13153111314221805,0.13153111314221805,0.3026703211982211,0.3026703211982211,0.3026703211982211,0.3026703211982211,0.3026703211982211
19.1,0.4342401267242865,0.4342401267242865,0.4342401267242865,0.4342401267242865,0.4342401267242865,0.43426060919091736,0.43426060919091736,0.43426060919091736,0.43426060919091736,0.43426060919091736,0.13149926408479606,0.13149926408479606,0.13149926408479606,0.13149926408479606,0.13149926408479606,0.3027408626394902,0.3027408626394902,0.3027408626394902,0.3027408626394902,0.3027408626394902
19.2,0.43428287672251004,0.43428287672251004,0.43428287672251004,0.43428287672251004,0.43428287672251004,0.4342530513924141,0.4342530513924141,0.4342530513924141,0.4342530513924141,0.4342530513924141,0.13146407188507578,0.13146407188507578,0.13146407188507578,0.13146407188507578,0.13146407188507578,0.30281880483743395,0.30281880483743395,0.30281880483743395,0.30281880483743395,0.30281880483743395
19.3,0.43432570968501083,0.43432570968501083,0.43432570968501083,0.43432570968501083,0.43432570968501083,0.4342454942828565,0.4342454942828565,0.4342454942828565,0.4342454942828565,0.4342454942828565,0.13142879603213256,0.13142879603213256,0.13142879603213256,0.13142879603213256,0.13142879603213256,0.30289691365287796,0.30289691365287796,0.30289691365287796,0.30289691365287796,0.30289691365287796
19.4,0.43436384370253556,0.43436384370253556,0.43436384370253556,0.43436384370253556,0.43436384370253556,0.4342387971765067,0.4342387971765067,0.4342387971765067,0.4342387971765067,0.4342387971765067,0.13139735912095765,0.13139735912095765,0.13139735912095765,0.13139735912095765,0.13139735912095765,0.3029664845815776,0.3029664845815776,0.3029664845815776,0.3029664845815776,0.3029664845815776
19.5,0.4343916896066769,0.4343916896066769,0.4343916896066769,0.4343916896066769,0.4343916896066769,0.4342339635408651,0.4342339635408651,0.4342339635408651,0.4342339635408651,0.4342339635408651,0.13137434685245794,0.13137434685245794,0.13137434685245794,0.13137434685245794,0.13137434685245794,0.30301734275421854,0.30301734275421854,0.30301734275421854,0.30301734275421854,0.30301734275421854
19.6,0.43440285096987336,0.43440285096987336,0.43440285096987336,0.43440285096987336,0.43440285096987336,0.43423214099667046,0.43423214099667046,0.43423214099667046,0.43423214099667046,0.43423214099667046,0.1313650080334561,0.1313650080334561,0.1313650080334561,0.1313650080334561,0.1313650080334561,0.3030378429364169,0.3030378429364169,0.3030378429364169,0.3030378429364169,0.3030378429364169
19.7,0.4343901588559597,0.4343901588559597,0.4343901588559597,0.4343901588559597,0.4343901588559597,0.43423461498721777,0.43423461498721777,0.43423461498721777,0.43423461498721777,0.43423461498721777,0.13137522615682248,0.13137522615682248,0.13137522615682248,0.13137522615682248,0.13137522615682248,0.3030149326991369,0.3030149326991369,0.3030149326991369,0.3030149326991369,0.3030149326991369
19.8,0.4343595526684671,0.4343595526684671,0.4343595526684671,0.4343595526684671,0.4343595526684671,0.4342402880950228,0.4342402880950228,0.4342402880950228,0.4342402880950228,0.4342402880950228,0.13140015923651005,0.13140015923651005,0.13140015923651005,0.13140015923651005,0.13140015923651005,0.30295939343195666,0.30295939343195666,0.30295939343195666,0.30295939343195666,0.30295939343195666
19.9,0.43432315845781566,0.43432315845781566,0.43432315845781566,0.43432315845781566,0.43432315845781566,0.43424696207902186,0.43424696207902186,0.43424696207902186,0.43424696207902186,0.43424696207902186,0.13142987946316245,0.13142987946316245,0.13142987946316245,0.13142987946316245,0.13142987946316245,0.30289327899465285,0.30289327899465285,0.30289327899465285,0.30289327899465285,0.30289327899465285
20.0,0.43428535676071534,0.43428535676071534,0.43428535676071534,0.43428535676071534,0.43428535676071534,0.4342538542545732,0.4342538542545732,0.4342538542545732,0.4342538542545732,0.4342538542545732,0.13146078898471142,0.13146078898471142,0.13146078898471142,0.13146078898471142,0.13146078898471142,0.30282456777600353,0.30282456777600353,0.30282456777600353,0.30282456777600353,0.30282456777600353
20.1,0.43424981377954314,0.43424981377954314,0.43424981377954314,0.43424981377954314,0.43424981377954314,0.43426031028849044,0.43426031028849044,0.43426031028849044,0.43426031028849044,0.43426031028849044,0.1314898759319664,0.1314898759319664,0.1314898759319664,0.1314898759319664,0.1314898759319664,0.3027599378475763,0.3027599378475763,0.3027599378475763,0.3027599378475763,0.3027599378475763
20.2,0.43421948138234295,0.43421948138234295,0.43421948138234295,0.43421948138234295,0.43421948138234295,0.43426580419904254,0.43426580419904254,0.43426580419904254,0.43426580419904254,0.43426580419904254,0.13151471441861448,0.13151471441861448,0.13151471441861448,0.13151471441861448,0.13151471441861448,0.30270476696372806,0.30270476696372806,0.30270476696372806,0.30270476696372806,0.30270476696372806
20.3,0.43419659710282565,0.43419659710282565,0.43419659710282565,0.43419659710282565,0.43419659710282565,0.4342699383559539,0.4342699383559539,0.4342699383559539,0.4342699383559539,0.4342699383559539,0.1315334645412204,0.1315334645412204,0.1315334645412204,0.1315334645412204,0.1315334645412204,0.3026631325616049,0.3026631325616049,0.3026631325616049,0.3026631325616049,0.3026631325616049
20.4,0.43418268414036915,0.43418268414036915,0.43418268414036915,0.43418268414036915,0.43418268414036915,0.4342724434804042,0.4342724434804042,0.4342724434804042,0.4342724434804042,0.4342724434804042,0.13154487237922657,0.13154487237922657,0.13154487237922657,0.13154487237922657,0.13154487237922657,0.30263781176114224,0.30263781176114224,0.30263781176114224,0.30263781176114224,0.30263781176114224
20.5,0.4341785513600183,0.4341785513600183,0.4341785513600183,0.4341785513600183,0.4341785513600183,0.43427317864502857,0.43427317864502857,0.43427317864502857,0.43427317864502857,0.43427317864502857,0.1315482699949531,0.1315482699949531,0.1315482699949531,0.1315482699949531,0.1315482699949531,0.3026302813650648,0.3026302813650648,0.3026302813650648,0.3026302813650648,0.3026302813650648
20.6,0.4341842932924849,0.4341842932924849,0.4341842932924849,0.4341842932924849,0.4341842932924849,0.43427213127391734,0.43427213127391734,0.43427213127391734,0.43427213127391734,0.43427213127391734,0.13154357543359768,0.13154357543359768,0.13154357543359768,0.13154357543359768,0.13154357543359768,0.30264071785888685,0.30264071785888685,0.30264071785888685,0.30264071785888685,0.30264071785888685
20.7,0.43419929013414776,0.43419929013414776,0.43419929013414776,0.43419929013414776,0.43419929013414776,0.43426941714261647,0.43426941714261647,0.43426941714261647,0.43426941714261647,0.43426941714261647,0.13153129272323572,0.13153129272323572,0.13153129272323572,0.13153129272323572,0.13153129272323572,0.30266799741091166,0.30266799741091166,0.30266799741091166,0.30266799741091166,0.30266799741091166
20.8,0.43422220774705267,0.43422220774705267,0.43422220774705267,0.43422220774705267,0.43422220774705267,0.434265280378127,0.434265280378127,0.434265280378127,0.434265280378127,0.434265280378127,0.1315125118748203,0.1315125118748203,0.1315125118748203,0.1315125118748203,0.1315125118748203,0.302709695872232,0.302709695872232,0.302709695872232,0.302709695872232,0.302709695872232
20.9,0.4342509976589123,0.4342509976589123,0.4342509976589123,0.4342509976589123,0.4342509976589123,0.43426009345890554,0.43426009345890554,0.43426009345890554,0.43426009345890554,0.43426009345890554,0.13148890888218212,0.13148890888218212,0.13148890888218212,0.13148890888218212,0.13148890888218212,0.30276208877672983,0.30276208877672983,0.30276208877672983,0.30276208877672983,0.30276208877672983
21.0,0.4342828970631064,0.4342828970631064,0.4342828970631064,0.4342828970631064,0.4342828970631064,0.43425435721486394,0.43425435721486394,0.43425435721486394,0.43425435721486394,0.43425435721486394,0.13146274572202957,0.13146274572202957,0.13146274572202957,0.13146274572202957,0.13146274572202957,0.3028201513410765,0.3028201513410765,0.3028201513410765,0.3028201513410765,0.3028201513410765
21.1,0.4343144288186817,0.4343144288186817,0.4343144288186817,0.4343144288186817,0.4343144288186817,0.43424870082736955,0.43424870082736955,0.43424870082736955,0.43424870082736955,0.43424870082736955,0.1314368703539487,0.1314368703539487,0.1314368703539487,0.1314368703539487,0.1314368703539487,0.30287755846473263,0.30287755846473263,0.30287755846473263,0.30287755846473263,0.30287755846473263
21.2,0.43434140145035177,0.43434140145035177,0.43434140145035177,0.43434140145035177,0.43434140145035177,0.43424388182924495,0.43424388182924495,0.43424388182924495,0.43424388182924495,0.43424388182924495,0.13141471672040322,0.13141471672040322,0.13141471672040322,0.13141471672040322,0.13141471672040322,0.3029266847299482,0.3029266847299482,0.3029266847299482,0.3029266847299482,0.3029266847299482
21.3,0.43435890914849734,0.43435890914849734,0.43435890914849734,0.43435890914849734,0.43435890914849734,0.43424078610476813,0.43424078610476813,0.43424078610476813,0.43424078610476813,0.43424078610476813,0.13140030474673448,0.13140030474673448,0.13140030474673448,0.13140030474673448,0.13140030474673448,0.3029586044017625,0.3029586044017625,0.3029586044017625,0.3029586044017625,0.3029586044017625
21.4,0.4343613317691659,0.4343613317691659,0.4343613317691659,0.4343613317691659,0.4343613317691659,0.43424042788967243,0.43424042788967243,0.43424042788967243,0.43424042788967243,0.43424042788967243,0.1313982403411616,0.1313982403411616,0.1313982403411616,0.1313982403411616,0.1313982403411616,0.30296309142800393,0.30296309142800393,0.30296309142800393,0.30296309142800393,0.30296309142800393
21.5,0.4343447542119179,0.4343447542119179,0.4343447542119179,0.4343447542119179,0.4343447542119179,0.4342435107094483,0.4342435107094483,0.4342435107094483,0.4342435107094483,0.4342435107094483,0.1314117350786338,0.1314117350786338,0.1314117350786338,0.1314117350786338,0.1314117350786338,0.30293301913328374,0.30293301913328374,0.30293301913328374,0.30293301913328374,0.30293301913328374
21.6,0.4343204242151311,0.4343204242151311,0.4343204242151311,0.4343204242151311,0.4343204242151311,0.4342479878490207,0.4342479878490207,0.4342479878490207,0.4342479878490207,0.4342479878490207,0.13143158793584817,0.13143158793584817,0.13143158793584817,0.13143158793584817,0.13143158793584817,0.30288883627928254,0.30288883627928254,0.30288883627928254,0.30288883627928254,0.30288883627928254
21.7,0.4342935708131964,0.4342935708131964,0.4342935708131964,0.4342935708131964,0.4342935708131964,0.4342529087420857,0.4342529087420857,0.4342529087420857,0.4342529087420857,0.4342529087420857,0.13145352044471775,0.13145352044471775,0.13145352044471775,0.13145352044471775,0.13145352044471775,0.3028400503684783,0.3028400503684783,0.3028400503684783,0.3028400503684783,0.3028400503684783
21.8,0.43426706779836277,0.43426706779836277,0.43426706779836277,0.43426706779836277,0.43426706779836277,0.43425775103737,0.43425775103737,0.43425775103737,0.43425775103737,0.43425775103737,0.13147518116426718,0.13147518116426718,0.13147518116426718,0.13147518116426718,0.13147518116426718,0.30279188663409523,0.30279188663409523,0.30279188663409523,0.30279188663409523,0.30279188663409523
21.9,0.43424327733666157,0.43424327733666157,0.43424327733666157,0.43424327733666157,0.43424327733666157,0.4342620857669696,0.4342620857669696,0.4342620857669696,0.4342620857669696,0.4342620857669696,0.13149463689636876,0.13149463689636876,0.13149463689636876,0.13149463689636876,0.13149463689636876,0.3027486404402925,0.3027486404402925,0.3027486404402925,0.3027486404402925,0.3027486404402925
22.0,0.434224049967907,0.434224049967907,0.434224049967907,0.434224049967907,0.434224049967907,0.43426557734635046,0.43426557734635046,0.43426557734635046,0.43426557734635046,0.43426557734635046,0.1315103726857425,0.1315103726857425,0.1315103726857425,0.1315103726857425,0.1315103726857425,0.3027136772821641,0.3027136772821641,0.3027136772821641,0.3027136772821641,0.3027136772821641
22.1,0.4342107246056957,0.4342107246056957,0.4342107246056957,0.4342107246056957,0.4342107246056957,0.43426798357434804,0.43426798357434804,0.43426798357434804,0.43426798357434804,0.43426798357434804,0.13152129181995623,0.13152129181995623,0.13152129181995623,0.13152129181995623,0.13152129181995623,0.30268943278573907,0.30268943278573907,0.30268943278573907,0.30268943278573907,0.30268943278573907
22.2,0.434204128537407,0.434204128537407,0.434204128537407,0.434204128537407,0.434204128537407,0.43426915563316754,0.43426915563316754,0.43426915563316754,0.43426915563316754,0.43426915563316754,0.13152671582942538,0.13152671582942538,0.13152671582942538,0.13152671582942538,0.13152671582942538,0.3026774127079812,0.3026774127079812,0.3026774127079812,0.3026774127079812,0.3026774127079812
22.3,0.4342045774242029,0.4342045774242029,0.4342045774242029,0.4342045774242029,0.4342045774242029,0.4342690380883839,0.4342690380883839,0.4342690380883839,0.4342690380883839,0.4342690380883839,0.1315263844874132,0.1315263844874132,0.1315263844874132,0.1315263844874132,0.1315263844874132,0.30267819293678927,0.30267819293678927,0.30267819293678927,0.30267819293678927,0.30267819293678927
22.4,0.43421187530102784,0.43421187530102784,0.43421187530102784,0.43421187530102784,0.43421187530102784,0.4342676688889416,0.4342676688889416,0.4342676688889416,0.4342676688889416,0.4342676688889416,0.13152045581003055,0.13152045581003055,0.13152045581003055,0.13152045581003055,0.13152045581003055,0.3026914194909969,0.3026914194909969,0.3026914194909969,0.3026914194909969,0.3026914194909969
22.5,0.43422531457660907,0.43422531457660907,0.43422531457660907,0.43422531457660907,0.43422531457660907,0.4342651793671548,0.4342651793671548,0.4342651793671548,0.4342651793671548,0.4342651793671548,0.13150950605623607,0.13150950605623607,0.13150950605623607,0.13150950605623607,0.13150950605623607,0.3027158085203726,0.3027158085203726,0.3027158085203726,0.3027158085203726,0.3027158085203726
22.6,0.43424367603345637,0.43424367603345637,0.43424367603345637,0.43424367603345637,0.43424367603345637,0.4342617942387074,0.4342617942387074,0.4342617942387074,0.4342617942387074,0.4342617942387074,0.13149452972783618,0.13149452972783618,0.13149452972783618,0.13149452972783618,0.13149452972783618,0.3027491463056198,0.3027491463056198,0.3027491463056198,0.3027491463056198,0.3027491463056198
22.7,0.43426522882786206,0.43426522882786206,0.43426522882786206,0.43426522882786206,0.43426522882786206,0.43425783160265297,0.43425783160265297,0.43425783160265297,0.43425783160265297,0.43425783160265297,0.1314769395694849,0.1314769395694849,0.1314769395694849,0.1314769395694849,0.1314769395694849,0.30278828925837675,0.30278828925837675,0.30278828925837675,0.30278828925837675,0.30278828925837675
22.8,0.4342877304899012,0.4342877304899012,0.4342877304899012,0.4342877304899012,0.4342877304899012,0.4342537029414147,0.4342537029414147,0.4342537029414147,0.4342537029414147,0.4342537029414147,0.131458566568684,0.131458566568684,0.131458566568684,0.131458566568684,0.131458566568684,0.30282916392121684,0.30282916392121684,0.30282916392121684,0.30282916392121684,0.30282916392121684
22.9,0.43430842692343147,0.43430842692343147,0.43430842692343147,0.43430842692343147,0.43430842692343147,0.4342499131207854,0.4342499131207854,0.4342499131207854,0.4342499131207854,0.4342499131207854,0.13144165995578305,0.13144165995578305,0.13144165995578305,0.13144165995578305,0.13144165995578305,0.30286676696764797,0.30286676696764797,0.30286676696764797,0.30286676696764797,0.30286676696764797
23.0,0.43432405240609295,0.43432405240609295,0.43432405240609295,0.43432405240609295,0.43432405240609295,0.4342470603899277,0.4342470603899277,0.4342470603899277,0.4342470603899277,0.4342470603899277,0.13142888720397927,0.13142888720397927,0.13142888720397927,0.13142888720397927,0.13142888720397927,0.30289516520211324,0.30289516520211324,0.30289516520211324,0.30289516520211324,0.30289516520211324
23.1,0.4343308295893086,0.4343308295893086,0.4343308295893086,0.4343308295893086,0.4343308295893086,0.4342458363813738,0.4342458363813738,0.4342458363813738,0.4342458363813738,0.4342458363813738,0.13142333402931755,0.13142333402931755,0.13142333402931755,0.13142333402931755,0.13142333402931755,0.3029074955599906,0.3029074955599906,0.3029074955599906,0.3029074955599906,0.3029074955599906
23.2,0.43432451623885243,0.43432451623885243,0.43432451623885243,0.43432451623885243,0.43432451623885243,0.43424701751649886,0.43424701751649886,0.43424701751649886,0.43424701751649886,0.43424701751649886,0.1314284662446487,0.1314284662446487,0.1314284662446487,0.1314284662446487,0.1314284662446487,0.3028960499942032,0.3028960499942032,0.3028960499942032,0.3028960499942032,0.3028960499942032
23.3,0.43430861689803607,0.43430861689803607,0.43430861689803607,0.43430861689803607,0.43430861689803607,0.4342499559123312,0.4342499559123312,0.4342499559123312,0.4342499559123312,0.4342499559123312,0.13144142718963275,0.13144142718963275,0.13144142718963275,0.13144142718963275,0.13144142718963275,0.3028671897084028,0.3028671897084028,0.3028671897084028,0.3028671897084028,0.3028671897084028
23.4,0.43428953840598183,0.43428953840598183,0.43428953840598183,0.43428953840598183,0.43428953840598183,0.4342534724913174,0.4342534724913174,0.4342534724913174,0.4342534724913174,0.4342534724913174,0.13145698910270076,0.13145698910270076,0.13145698910270076,0.13145698910270076,0.13145698910270076,0.3028325493032806,0.3028325493032806,0.3028325493032806,0.3028325493032806,0.3028325493032806
23.5,0.4342696188618434,0.4342696188618434,0.4342696188618434,0.4342696188618434,0.4342696188618434,0.4342571370689318,0.4342571370689318,0.4342571370689318,0.4342571370689318,0.4342571370689318,0.13147324406922475,0.13147324406922475,0.13147324406922475,0.13147324406922475,0.13147324406922475,0.3027963747926182,0.3027963747926182,0.3027963747926182,0.3027963747926182,0.3027963747926182
23.6,0.43425081966605816,0.43425081966605816,0.43425081966605816,0.43425081966605816,0.43425081966605816,0.43426058894529285,0.43426058894529285,0.43426058894529285,0.43426058894529285,0.43426058894529285,0.13148859138864893,0.13148859138864893,0.13148859138864893,0.13148859138864893,0.13148859138864893,0.3027622282774088,0.3027622282774088,0.3027622282774088,0.3027622282774088,0.3027622282774088
23.7,0.4342347255203475,0.4342347255203475,0.4342347255203475,0.4342347255203475,0.4342347255203475,0.4342635369051628,0.4342635369051628,0.4342635369051628,0.4342635369051628,0.4342635369051628,0.13150173757448974,0.13150173757448974,0.13150173757448974,0.13150173757448974,0.13150173757448974,0.3027329879458573,0.3027329879458573,0.3027329879458573,0.3027329879458573,0.3027329879458573
23.8,0.43422254442771635,0.43422254442771635,0.43422254442771635,0.43422254442771635,0.43422254442771635,0.43426575921794797,0.43426575921794797,0.43426575921794797,0.43426575921794797,0.43426575921794797,0.1315116963543357,0.1315116963543357,0.1315116963543357,0.1315116963543357,0.1315116963543357,0.30271084807338017,0.30271084807338017,0.30271084807338017,0.30271084807338017,0.30271084807338017
23.9,0.43421510769245353,0.43421510769245353,0.43421510769245353,0.43421510769245353,0.43421510769245353,0.43426710363769877,0.43426710363769877,0.43426710363769877,0.43426710363769877,0.43426710363769877,0.13151778866984767,0.13151778866984767,0.13151778866984767,0.13151778866984767,0.13151778866984767,0.3026973190226054,0.3026973190226054,0.3026973190226054,0.3026973190226054,0.3026973190226054
24.0,0.4342128699201317,0.4342128699201317,0.4342128699201317,0.4342128699201317,0.4342128699201317,0.4342674874031096,0.4342674874031096,0.4342674874031096,0.4342674874031096,0.4342674874031096,0.1315196426767586,0.1315196426767586,0.1315196426767586,0.1315196426767586,0.1315196426767586,0.3026932272433726,0.3026932272433726,0.3026932272433726,0.3026932272433726,0.3026932272433726
24.1,0.4342159090176073,0.4342159090176073,0.4342159090176073,0.4342159090176073,0.4342159090176073,0.43426689723751893,0.43426689723751893,0.43426689723751893,0.43426689723751893,0.43426689723751893,0.13151719374487375,0.13151719374487375,0.13151719374487375,0.13151719374487375,0.13151719374487375,0.30269871527273307,0.30269871527273307,0.30269871527273307,0.30269871527273307,0.30269871527273307
24.2,0.43422392619302047,0.43422392619302047,0.43422392619302047,0.43422392619302047,0.43422392619302047,0.4342653893489091,0.4342653893489091,0.4342653893489091,0.4342653893489091,0.4342653893489091,0.1315106844580704,0.1315106844580704,0.1315106844580704,0.1315106844580704,0.1315106844580704,0.3027132417349496,0.3027132417349496,0.3027132417349496,0.3027132417349496,0.3027132417349496
24.3,0.4342362459557952,0.4342362459557952,0.4342362459557952,0.4342362459557952,0.4342362459557952,0.4342630894299066,0.4342630894299066,0.4342630894299066,0.4342630894299066,0.4342630894299066,0.13150066461429818,0.13150066461429818,0.13150066461429818,0.13150066461429818,0.13150066461429818,0.30273558134149653,0.30273558134149653,0.30273558134149653,0.30273558134149653,0.30273558134149653
24.4,0.4342518161166392,0.4342518161166392,0.4342518161166392,0.4342518161166392,0.4342518161166392,0.4342601926577819,0.4342601926577819,0.4342601926577819,0.4342601926577819,0.4342601926577819,0.13148799122557886,0.13148799122557886,0.13148799122557886,0.13148799122557886,0.13148799122557886,0.3027638248910599,0.3027638248910599,0.3027638248910599,0.3027638248910599,0.3027638248910599
24.5,0.4342692077875442,0.4342692077875442,0.4342692077875442,0.4342692077875442,0.4342692077875442,0.4342569636944494,0.4342569636944494,0.4342569636944494,0.4342569636944494,0.4342569636944494,0.1314738285180064,0.1314738285180064,0.1314738285180064,0.1314738285180064,0.1314738285180064,0.30279537926953737,0.30279537926953737,0.30279537926953737,0.30279537926953737,0.30279537926953737
24.6,0.43428661538178537,0.43428661538178537,0.43428661538178537,0.43428661538178537,0.43428661538178537,0.43425373668646766,0.43425373668646766,0.43425373668646766,0.43425373668646766,0.43425373668646766,0.13145964793174697,0.13145964793174697,0.13145964793174697,0.13145964793174697,0.13145964793174697,0.302826967450038,0.302826967450038,0.302826967450038,0.302826967450038,0.302826967450038
24.7,0.43430185661392195,0.43430185661392195,0.43430185661392195,0.43430185661392195,0.43430185661392195,0.4342509152650391,0.4342509152650391,0.4342509152650391,0.4342509152650391,0.4342509152650391,0.13144722812103887,0.13144722812103887,0.13144722812103887,0.13144722812103887,0.13144722812103887,0.3028546284928827,0.3028546284928827,0.3028546284928827,0.3028546284928827,0.3028546284928827
24.8,0.4343123724997969,0.4343123724997969,0.4343123724997969,0.4343123724997969,0.4343123724997969,0.43424897254601036,0.43424897254601036,0.43424897254601036,0.43424897254601036,0.43424897254601036,0.13143865495419277,0.13143865495419277,0.13143865495419277,0.13143865495419277,0.13143865495419277,0.3028737175456037,0.3028737175456037,0.3028737175456037,0.3028737175456037,0.3028737175456037
24.9,0.43431522735653677,0.43431522735653677,0.43431522735653677,0.43431522735653677,0.43431522735653677,0.43424845112987187,0.43424845112987187,0.43424845112987187,0.43424845112987187,0.43424845112987187,0.1314363215135913,0.1314363215135913,0.1314363215135913,0.1314363215135913,0.1314363215135913,0.30287890584294513,0.30287890584294513,0.30287890584294513,0.30287890584294513,0.30287890584294513
25.0,0.43430758516251533,0.43430758516251533,0.43430758516251533,0.43430758516251533,0.43430758516251533,0.4342498745714226,0.4342498745714226,0.4342498745714226,0.4342498745714226,0.4342498745714226,0.13144254026606197,0.13144254026606197,0.13144254026606197,0.13144254026606197,0.13144254026606197,0.302865044896453,0.302865044896453,0.302865044896453,0.302865044896453,0.302865044896453
25.1,0.4342937488731716,0.4342937488731716,0.4342937488731716,0.4342937488731716,0.4342937488731716,0.43425244102831245,0.43425244102831245,0.43425244102831245,0.43425244102831245,0.43425244102831245,0.13145381009851587,0.13145381009851587,0.13145381009851587,0.13145381009851587,0.13145381009851587,0.30283993877465537,0.30283993877465537,0.30283993877465537,0.30283993877465537,0.30283993877465537
25.2,0.43427740151553085,0.43427740151553085,0.43427740151553085,0.43427740151553085,0.43427740151553085,0.43425546750364513,0.43425546750364513,0.43425546750364513,0.43425546750364513,0.43425546750364513,0.131467130980824,0.131467130980824,0.131467130980824,0.131467130980824,0.131467130980824,0.30281027053470644,0.30281027053470644,0.30281027053470644,0.30281027053470644,0.30281027053470644
25.3,0.4342605062823757,0.4342605062823757,0.4342605062823757,0.4342605062823757,0.4342605062823757,0.4342585909145062,0.4342585909145062,0.4342585909145062,0.4342585909145062,0.4342585909145062,0.13148090280311803,0.13148090280311803,0.13148090280311803,0.13148090280311803,0.13148090280311803,0.30277960347925725,0.30277960347925725,0.30277960347925725,0.30277960347925725,0.30277960347925725
25.4,0.4342447092181655,0.4342447092181655,0.4342447092181655,0.4342447092181655,0.4342447092181655,0.43426150695228616,0.43426150695228616,0.43426150695228616,0.43426150695228616,0.43426150695228616,0.1314937838295483,0.1314937838295483,0.1314937838295483,0.1314937838295483,0.1314937838295483,0.30275092538861675,0.30275092538861675,0.30275092538861675,0.30275092538861675,0.30275092538861675
25.5,0.43423133921903595,0.43423133921903595,0.43423133921903595,0.43423133921903595,0.43423133921903595,0.43426397008268036,0.43426397008268036,0.43426397008268036,0.43426397008268036,0.43426397008268036,0.13150469069828363,0.13150469069828363,0.13150469069828363,0.13150469069828363,0.13150469069828363,0.3027266485207519,0.3027266485207519,0.3027266485207519,0.3027266485207519,0.3027266485207519
25.6,0.43422140803279946,0.43422140803279946,0.43422140803279946,0.43422140803279946,0.43422140803279946,0.43426579354568895,0.43426579354568895,0.43426579354568895,0.43426579354568895,0.43426579354568895,0.1315127984215115,0.1315127984215115,0.1315127984215115,0.1315127984215115,0.1315127984215115,0.30270860961128754,0.30270860961128754,0.30270860961128754,0.30270860961128754,0.30270860961128754
25.7,0.43421561025894495,0.43421561025894495,0.43421561025894495,0.43421561025894495,0.43421561025894495,0.4342668493556171,0.4342668493556171,0.4342668493556171,0.4342668493556171,0.4342668493556171,0.1315175403854379,0.1315175403854379,0.1315175403854379,0.1315175403854379,0.1315175403854379,0.3026980698735066,0.3026980698735066,0.3026980698735066,0.3026980698735066,0.3026980698735066
25.8,0.4342143233486378,0.4342143233486378,0.4342143233486378,0.4342143233486378,0.4342143233486378,0.43426706830107464,0.43426706830107464,0.43426706830107464,0.43426706830107464,0.43426706830107464,0.13151860835028745,0.13151860835028745,0.13151860835028745,0.13151860835028745,0.13151860835028745,0.3026957149983499,0.3026957149983499,0.3026957149983499,0.3026957149983499,0.3026957149983499
25.9,0.4342176076047201,0.4342176076047201,0.4342176076047201,0.4342176076047201,0.4342176076047201,0.4342664399449765,0.4342664399449765,0.4342664399449765,0.4342664399449765,0.4342664399449765,0.13151595245030334,0.13151595245030334,0.13151595245030334,0.13151595245030334,0.13151595245030334,0.3027016551544163,0.3027016551544163,0.3027016551544163,0.3027016551544163,0.3027016551544163
26.0,0.43422520618171034,0.43422520618171034,0.43422520618171034,0.43422520618171034,0.43422520618171034,0.43426501262454226,0.43426501262454226,0.43426501262454226,0.43426501262454226,0.43426501262454226,0.13150978119374732,0.13150978119374732,0.13150978119374732,0.13150978119374732,0.13150978119374732,0.3027154249879626,0.3027154249879626,0.3027154249879626,0.3027154249879626,0.3027154249879626
26.1,0.43423654508580367,0.43423654508580367,0.43423654508580367,0.43423654508580367,0.43423654508580367,0.43426289345129654,0.43426289345129654,0.43426289345129654,0.43426289345129654,0.43426289345129654,0.13150056146289976,0.13150056146289976,0.13150056146289976,0.13150056146289976,0.13150056146289976,0.3027359836229035,0.3027359836229035,0.3027359836229035,0.3027359836229035,0.3027359836229035
26.2,0.43425073317487173,0.43425073317487173,0.43425073317487173,0.43425073317487173,0.43425073317487173,0.4342602483110687,0.4342602483110687,0.4342602483110687,0.4342602483110687,0.4342602483110687,0.13148901851405953,0.13148901851405953,0.13148901851405953,0.13148901851405953,0.13148901851405953,0.3027617146608118,0.3027617146608118,0.3027617146608118,0.3027617146608118,0.3027617146608118
26.3,0.4342665621584627,0.4342665621584627,0.4342665621584627,0.4342665621584627,0.4342665621584627,0.4342573018639931,0.4342573018639931,0.4342573018639931,0.4342573018639931,0.4342573018639931,0.13147613597754415,0.13147613597754415,0.13147613597754415,0.13147613597754415,0.13147613597754415,0.30279042618091817,0.30279042618091817,0.30279042618091817,0.30279042618091817,0.30279042618091817
26.4,0.43428250659780143,0.43428250659780143,0.43428250659780143,0.43428250659780143,0.43428250659780143,0.4342543375445088,0.4342543375445088,0.4342543375445088,0.4342543375445088,0.4342543375445088,0.13146315585768975,0.13146315585768975,0.13146315585768975,0.13146315585768975,0.13146315585768975,0.30281935074011135,0.30281935074011135,0.30281935074011135,0.30281935074011135,0.30281935074011135
26.5,0.43429672390578916,0.43429672390578916,0.43429672390578916,0.43429672390578916,0.43429672390578916,0.4342516975613599,0.4342516975613599,0.4342516975613599,0.4342516975613599,0.4342516975613599,0.13145157853285092,0.13145157853285092,0.13145157853285092,0.13145157853285092,0.13145157853285092,0.30284514537293794,0.30284514537293794,0.30284514537293794,0.30284514537293794,0.30284514537293794
26.6,0.4343070543470038,0.4343070543470038,0.4343070543470038,0.4343070543470038,0.4343070543470038,0.43424978289759525,0.43424978289759525,0.43424978289759525,0.43424978289759525,0.43424978289759525,0.13144316275540094,0.13144316275540094,0.13144316275540094,0.13144316275540094,0.13144316275540094,0.30286389159160254,0.30286389159160254,0.30286389159160254,0.30286389159160254,0.30286389159160254
26.7,0.4343110210376997,0.4343110210376997,0.4343110210376997,0.4343110210376997,0.4343110210376997,0.4342490533105686,0.4342490533105686,0.4342490533105686,0.4342490533105686,0.4342490533105686,0.13143992565173163,0.13143992565173163,0.13143992565173163,0.13143992565173163,0.13143992565173163,0.3028710953859678,0.3028710953859678,0.3028710953859678,0.3028710953859678,0.3028710953859678
26.8,0.43430587897792633,0.43430587897792633,0.43430587897792633,0.43430587897792633,0.43430587897792633,0.43425001815047226,0.43425001815047226,0.43425001815047226,0.43425001815047226,0.43425001815047226,0.1314441028716013,0.1314441028716013,0.1314441028716013,0.1314441028716013,0.1314441028716013,0.3028617761063248,0.3028617761063248,0.3028617761063248,0.3028617761063248,0.3028617761063248
26.9,0.43429358673512136,0.43429358673512136,0.43429358673512136,0.43429358673512136,0.43429358673512136,0.43425230763684625,0.43425230763684625,0.43425230763684625,0.43425230763684625,0.43425230763684625,0.13145410562803234,0.13145410562803234,0.13145410562803234,0.13145410562803234,0.13145410562803234,0.30283948110708875,0.30283948110708875,0.30283948110708875,0.30283948110708875,0.30283948110708875
27.0,0.434278162569212,0.434278162569212,0.434278162569212,0.434278162569212,0.434278162569212,0.43425517276417064,0.43425517276417064,0.43425517276417064,0.43425517276417064,0.43425517276417064,0.13146666466661727,0.13146666466661727,0.13146666466661727,0.13146666466661727,0.13146666466661727,0.3028114979025945,0.3028114979025945,0.3028114979025945,0.3028114979025945,0.3028114979025945
27.1,0.4342616226978814,0.4342616226978814,0.4342616226978814,0.4342616226978814,0.4342616226978814,0.43425824023229787,0.43425824023229787,0.43425824023229787,0.43425824023229787,0.43425824023229787,0.13148013706982067,0.13148013706982067,0.13148013706982067,0.13148013706982067,0.13148013706982067,0.3027814856280605,0.3027814856280605,0.3027814856280605,0.3027814856280605,0.3027814856280605
27.2,0.4342456765325254,0.4342456765325254,0.4342456765325254,0.4342456765325254,0.4342456765325254,0.4342611936498131,0.4342611936498131,0.4342611936498131,0.4342611936498131,0.4342611936498131,0.13149312981766142,0.13149312981766142,0.13149312981766142,0.13149312981766142,0.13149312981766142,0.30275254671486374,0.30275254671486374,0.30275254671486374,0.30275254671486374,0.30275254671486374
27.3,0.4342317266782524,0.4342317266782524,0.4342317266782524,0.4342317266782524,0.4342317266782524,0.4342637735340349,0.4342637735340349,0.4342637735340349,0.4342637735340349,0.4342637735340349,0.13150449978771267,0.13150449978771267,0.13150449978771267,0.13150449978771267,0.13150449978771267,0.3027272268905395,0.3027272268905395,0.3027272268905395,0.3027272268905395,0.3027272268905395
27.4,0.43422086893388334,0.43422086893388334,0.43422086893388334,0.43422086893388334,0.43422086893388334,0.4342657773110147,0.4342657773110147,0.4342657773110147,0.4342657773110147,0.4342657773110147,0.1315133537551019,0.1315133537551019,0.1315133537551019,0.1315133537551019,0.1315133537551019,0.3027075151787813,0.3027075151787813,0.3027075151787813,0.3027075151787813,0.3027075151787813
27.5,0.434213892291952,0.434213892291952,0.434213892291952,0.434213892291952,0.434213892291952,0.4342670593155371,0.4342670593155371,0.4342670593155371,0.4342670593155371,0.4342670593155371,0.13151904839251077,0.13151904839251077,0.13151904839251077,0.13151904839251077,0.13151904839251077,0.30269484389944107,0.30269484389944107,0.30269484389944107,0.30269484389944107,0.30269484389944107
27.6,0.4342112789387047,0.4342112789387047,0.4342112789387047,0.4342112789387047,0.4342112789387047,0.43426753079111985,0.43426753079111985,0.43426753079111985,0.43426753079111985,0.43426753079111985,0.1315211902701754,0.1315211902701754,0.1315211902701754,0.1315211902701754,0.1315211902701754,0.30269008866852914,0.30269008866852914,0.30269008866852914,0.30269008866852914,0.30269008866852914
27.7,0.43421320425410026,0.43421320425410026,0.43421320425410026,0.43421320425410026,0.43421320425410026,0.4342671598900137,0.4342671598900137,0.4342671598900137,0.4342671598900137,0.4342671598900137,0.131519635855886,0.131519635855886,0.131519635855886,0.131519635855886,0.131519635855886,0.30269356839821404,0.30269356839821404,0.30269356839821404,0.30269356839821404,0.30269356839821404
27.8,0.43421953681181025,0.43421953681181025,0.43421953681181025,0.43421953681181025,0.43421953681181025,0.4342659716732024,0.4342659716732024,0.4342659716732024,0.4342659716732024,0.4342659716732024,0.13151449151498723,0.13151449151498723,0.13151449151498723,0.13151449151498723,0.13151449151498723,0.30270504529682285,0.30270504529682285,0.30270504529682285,0.30270504529682285,0.30270504529682285
27.9,0.4342298383792189,0.4342298383792189,0.4342298383792189,0.4342298383792189,0.4342298383792189,0.4342640481104031,0.4342640481104031,0.4342640481104031,0.4342640481104031,0.4342640481104031,0.13150611351037791,0.13150611351037791,0.13150611351037791,0.13150611351037791,0.13150611351037791,0.3027237248688408,0.3027237248688408,0.3027237248688408,0.3027237248688408,0.3027237248688408
28.0,0.434243363917423,0.434243363917423,0.434243363917423,0.434243363917423,0.434243363917423,0.43426152808006563,0.43426152808006563,0.43426152808006563,0.43426152808006563,0.43426152808006563,0.13149510800251127,0.13149510800251127,0.13149510800251127,0.13149510800251127,0.13149510800251127,0.3027482559149115,0.3027482559149115,0.3027482559149115,0.3027482559149115,0.3027482559149115
28.1,0.434259061581232,0.434259061581232,0.434259061581232,0.434259061581232,0.434259061581232,0.4342586073693732,0.4342586073693732,0.4342586073693732,0.4342586073693732,0.4342586073693732,0.1314823310493947,0.1314823310493947,0.1314823310493947,0.1314823310493947,0.1314823310493947,0.30277673053183707,0.30277673053183707,0.30277673053183707,0.30277673053183707,0.30277673053183707
28.2,0.43427557271916795,0.43427557271916795,0.43427557271916795,0.43427557271916795,0.43427557271916795,0.43425553867424205,0.43425553867424205,0.43425553867424205,0.43425553867424205,0.43425553867424205,0.13146888860658995,0.13146888860658995,0.13146888860658995,0.13146888860658995,0.13146888860658995,0.3028066841125777,0.3028066841125777,0.3028066841125777,0.3028066841125777,0.3028066841125777
28.3,0.4342912318734655,0.4342912318734655,0.4342912318734655,0.4342912318734655,0.4342912318734655,0.4342526315993213,0.4342526315993213,0.4342526315993213,0.4342526315993213,0.4342526315993213,0.13145613652721308,0.13145613652721308,0.13145613652721308,0.13145613652721308,0.13145613652721308,0.30283509534625214,0.30283509534625214,0.30283509534625214,0.30283509534625214,0.30283509534625214
28.4,0.43430406678007205,0.43430406678007205,0.43430406678007205,0.43430406678007205,0.43430406678007205,0.43425025265799355,0.43425025265799355,0.43425025265799355,0.43425025265799355,0.43425025265799355,0.13144568056193437,0.13144568056193437,0.13144568056193437,0.13144568056193437,0.13144568056193437,0.3028583862181374,0.3028583862181374,0.3028583862181374,0.3028583862181374,0.3028583862181374
28.5,0.4343117983686475,0.4343117983686475,0.4343117983686475,0.4343117983686475,0.4343117983686475,0.4342488252723741,0.4342488252723741,0.4342488252723741,0.4342488252723741,0.4342488252723741,0.13143937635897837,0.13143937635897837,0.13143937635897837,0.13143937635897837,0.13143937635897837,0.3028724220096688,0.3028724220096688,0.3028724220096688,0.3028724220096688,0.3028724220096688
28.6,0.43431184076256446,0.43431184076256446,0.43431184076256446,0.43431184076256446,0.43431184076256446,0.4342488297733114,0.4342488297733114,0.4342488297733114,0.4342488297733114,0.4342488297733114,0.13143932946412404,0.13143932946412404,0.13143932946412404,0.13143932946412404,0.13143932946412404,0.30287251129844006,0.30287251129844006,0.30287251129844006,0.30287251129844006,0.30287251129844006
28.7,0.43430239866049813,0.43430239866049813,0.43430239866049813,0.43430239866049813,0.43430239866049813,0.4342505974562835,0.4342505974562835,0.4342505974562835,0.4342505974562835,0.4342505974562835,0.13144700388321828,0.13144700388321828,0.13144700388321828,0.13144700388321828,0.13144700388321828,0.3028553947772796,0.3028553947772796,0.3028553947772796,0.3028553947772796,0.3028553947772796
28.8,0.4342877441590625,0.4342877441590625,0.4342877441590625,0.4342877441590625,0.4342877441590625,0.4342533257720351,0.4342533257720351,0.4342533257720351,0.4342533257720351,0.4342533257720351,0.13145893006890227,0.13145893006890227,0.13145893006890227,0.13145893006890227,0.13145893006890227,0.30282881409015994,0.30282881409015994,0.30282881409015994,0.30282881409015994,0.30282881409015994
28.9,0.43427066248794666,0.43427066248794666,0.43427066248794666,0.43427066248794666,0.43427066248794666,0.43425649796908966,0.43425649796908966,0.43425649796908966,0.43425649796908966,0.43425649796908966,0.1314728395429636,0.1314728395429636,0.1314728395429636,0.1314728395429636,0.1314728395429636,0.30279782294498275,0.30279782294498275,0.30279782294498275,0.30279782294498275,0.30279782294498275
29.0,0.43425316095823047,0.43425316095823047,0.43425316095823047,0.43425316095823047,0.43425316095823047,0.43425974292741,0.43425974292741,0.43425974292741,0.43425974292741,0.43425974292741,0.1314870961143595,0.1314870961143595,0.1314870961143595,0.1314870961143595,0.1314870961143595,0.30276606484387064,0.30276606484387064,0.30276606484387064,0.30276606484387064,0.30276606484387064
29.1,0.43423692306214756,0.43423692306214756,0.43423692306214756,0.43423692306214756,0.43423692306214756,0.43426274951928395,0.43426274951928395,0.43426274951928395,0.43426274951928395,0.43426274951928395,0.1315003274185684,0.1315003274185684,0.1315003274185684,0.1315003274185684,0.1315003274185684,0.3027365956435788,0.3027365956435788,0.3027365956435788,0.3027365956435788,0.3027365956435788
29.2,0.43422330847308543,0.43422330847308543,0.43422330847308543,0.43422330847308543,0.43422330847308543,0.4342652666093245,0.4342652666093245,0.4342652666093245,0.4342652666093245,0.4342652666093245,0.13151142491759,0.13151142491759,0.13151142491759,0.13151142491759,0.13151142491759,0.3027118835554951,0.3027118835554951,0.3027118835554951,0.3027118835554951,0.3027118835554951
29.3,0.4342133530455854,0.4342133530455854,0.4342133530455854,0.4342133530455854,0.4342133530455854,0.4342671030544695,0.4342671030544695,0.4342671030544695,0.4342671030544695,0.4342671030544695,0.13151954389994505,0.13151954389994505,0.13151954389994505,0.13151954389994505,0.13151954389994505,0.30269380914564,0.30269380914564,0.30269380914564,0.30269380914564,0.30269380914564
29.4,0.43420776881534245,0.43420776881534245,0.43420776881534245,0.43420776881534245,0.43420776881534245,0.4342681277039818,0.4342681277039818,0.4342681277039818,0.4342681277039818,0.4342681277039818,0.13152410348067567,0.13152410348067567,0.13152410348067567,0.13152410348067567,0.13152410348067567,0.30268366533466645,0.30268366533466645,0.30268366533466645,0.30268366533466645,0.30268366533466645
29.5,0.4342069439992056,0.4342069439992056,0.4342069439992056,0.4342069439992056,0.4342069439992056,0.4342682693994493,0.4342682693994493,0.4342682693994493,0.4342682693994493,0.4342682693994493,0.13152478660134503,0.13152478660134503,0.13152478660134503,0.13152478660134503,0.13152478660134503,0.30268215739786025,0.30268215739786025,0.30268215739786025,0.30268215739786025,0.30268215739786025
29.6,0.4342109429951775,0.4342109429951775,0.4342109429951775,0.4342109429951775,0.4342109429951775,0.43426751697478483,0.43426751697478483,0.43426751697478483,0.43426751697478483,0.43426751697478483,0.13152154003003763,0.13152154003003763,0.13152154003003763,0.13152154003003763,0.13152154003003763,0.3026894029651395,0.3026894029651395,0.3026894029651395,0.3026894029651395,0.3026894029651395
29.7,0.43421950638241463,0.43421950638241463,0.43421950638241463,0.43421950638241463,0.43421950638241463,0.4342659192562262,0.4342659192562262,0.4342659192562262,0.4342659192562262,0.4342659192562262,0.13151457436135905,0.13151457436135905,0.13151457436135905,0.13151457436135905,0.13151457436135905,0.30270493202105525,0.30270493202105525,0.30270493202105525,0.30270493202105525,0.30270493202105525
29.8,0.4342320509212274,0.4342320509212274,0.4342320509212274,0.4342320509212274,0.4342320509212274,0.4342635850623364,0.4342635850623364,0.4342635850623364,0.4342635850623364,0.4342635850623364,0.13150436401643614,0.13150436401643614,0.13150436401643614,0.13150436401643614,0.13150436401643614,0.3027276869047909,0.3027276869047909,0.3027276869047909,0.3027276869047909,0.3027276869047909
29.9,0.4342476695530798,0.4342476695530798,0.4342476695530798,0.4342476695530798,0.4342476695530798,0.43426068320400324,0.43426068320400324,0.43426068320400324,0.43426068320400324,0.43426068320400324,0.1314916472429169,0.1314916472429169,0.1314916472429169,0.1314916472429169,0.1314916472429169,0.3027560223101626,0.3027560223101626,0.3027560223101626,0.3027560223101626,0.3027560223101626
30.0,0.43426513140058987,0.43426513140058987,0.43426513140058987,0.43426513140058987,0.43426513140058987,0.43425744248443954,0.43425744248443954,0.43425744248443954,0.43425744248443954,0.43425744248443954,0.13147742611497057,0.13147742611497057,0.13147742611497057,0.13147742611497057,0.13147742611497057,0.30278770528561894,0.30278770528561894,0.30278770528561894,0.30278770528561894,0.30278770528561894
30.1,0.4342828817675292,0.4342828817675292,0.4342828817675292,0.4342828817675292,0.4342828817675292,0.43425415169918313,0.43425415169918313,0.43425415169918313,0.43425415169918313,0.43425415169918313,0.1314629665332876,0.1314629665332876,0.1314629665332876,0.1314629665332876,0.1314629665332876,0.3028199152342413,0.3028199152342413,0.3028199152342413,0.3028199152342413,0.3028199152342413
30.2,0.4342990421388235,0.4342990421388235,0.4342990421388235,0.4342990421388235,0.4342990421388235,0.4342511596360969,0.4342511596360969,0.4342511596360969,0.4342511596360969,0.4342511596360969,0.13144979822507952,0.13144979822507952,0.13144979822507952,0.13144979822507952,0.13144979822507952,0.3028492439137436,0.3028492439137436,0.3028492439137436,0.3028492439137436,0.3028492439137436
30.3,0.434311410180552,0.434311410180552,0.434311410180552,0.434311410180552,0.434311410180552,0.4342488750753687,0.4342488750753687,0.4342488750753687,0.4342488750753687,0.4342488750753687,0.13143971474407923,0.13143971474407923,0.13143971474407923,0.13143971474407923,0.13143971474407923,0.30287169543647247,0.30287169543647247,0.30287169543647247,0.30287169543647247,0.30287169543647247
30.4,0.4343174597399479,0.4343174597399479,0.4343174597399479,0.4343174597399479,0.4343174597399479,0.4342477667895113,0.4342477667895113,0.4342477667895113,0.4342477667895113,0.4342477667895113,0.13143477347054072,0.13143477347054072,0.13143477347054072,0.13143477347054072,0.13143477347054072,0.3028826862694069,0.3028826862694069,0.3028826862694069,0.3028826862694069,0.3028826862694069
30.5,0.43431434084539816,0.43431434084539816,0.43431434084539816,0.43431434084539816,0.43431434084539816,0.4342483635433626,0.4342483635433626,0.4342483635433626,0.4342483635433626,0.4342483635433626,0.13143729561123915,0.13143729561123915,0.13143729561123915,0.13143729561123915,0.13143729561123915,0.30287704523415865,0.30287704523415865,0.30287704523415865,0.30287704523415865,0.30287704523415865
30.6,0.43430184219208506,0.43430184219208506,0.43430184219208506,0.43430184219208506,0.43430184219208506,0.43425069858779136,0.43425069858779136,0.43425069858779136,0.43425069858779136,0.43425069858779136,0.13144745922012352,0.13144745922012352,0.13144745922012352,0.13144745922012352,0.13144745922012352,0.3028543829719612,0.3028543829719612,0.3028543829719612,0.3028543829719612,0.3028543829719612
30.7,0.4342849577538823,0.4342849577538823,0.4342849577538823,0.4342849577538823,0.4342849577538823,0.43425383717836136,0.43425383717836136,0.43425383717836136,0.43425383717836136,0.43425383717836136,0.1314612050677563,0.1314612050677563,0.1314612050677563,0.1314612050677563,0.1314612050677563,0.30282375268612566,0.30282375268612566,0.30282375268612566,0.30282375268612566,0.30282375268612566
30.8,0.4342661511874368,0.4342661511874368,0.4342661511874368,0.4342661511874368,0.4342661511874368,0.43425732449468074,0.43425732449468074,0.43425732449468074,0.43425732449468074,0.43425732449468074,0.13147652431788245,0.13147652431788245,0.13147652431788245,0.13147652431788245,0.13147652431788245,0.302789626869554,0.302789626869554,0.302789626869554,0.302789626869554,0.302789626869554
30.9,0.4342474841114499,0.4342474841114499,0.4342474841114499,0.4342474841114499,0.4342474841114499,0.4342607802361723,0.4342607802361723,0.4342607802361723,0.4342607802361723,0.4342607802361723,0.1314917356523777,0.1314917356523777,0.1314917356523777,0.1314917356523777,0.1314917356523777,0.3027557484590719,0.3027557484590719,0.3027557484590719,0.3027557484590719,0.3027557484590719
31.0,0.43423066806938104,0.43423066806938104,0.43423066806938104,0.43423066806938104,0.43423066806938104,0.4342638888329091,0.4342638888329091,0.4342638888329091,0.4342638888329091,0.4342638888329091,0.13150544309770978,0.13150544309770978,0.13150544309770978,0.13150544309770978,0.13150544309770978,0.3027252249716709,0.3027252249716709,0.3027252249716709,0.3027252249716709,0.3027252249716709
31.1,0.43421706452944736,0.43421706452944736,0.43421706452944736,0.43421706452944736,0.43421706452944736,0.4342663994456142,0.4342663994456142,0.4342663994456142,0.4342663994456142,0.4342663994456142,0.1315165360249384,0.1315165360249384,0.1315165360249384,0.1315165360249384,0.1315165360249384,0.3027005285045086,0.3027005285045086,0.3027005285045086,0.3027005285045086,0.3027005285045086
31.2,0.43420768488462397,0.43420768488462397,0.43420768488462397,0.43420768488462397,0.43420768488462397,0.4342681259656607,0.4342681259656607,0.4342681259656607,0.4342681259656607,0.4342681259656607,0.13152418914971523,0.13152418914971523,0.13152418914971523,0.13152418914971523,0.13152418914971523,0.30268349573490844,0.30268349573490844,0.30268349573490844,0.30268349573490844,0.30268349573490844
31.3,0.43420319045264383,0.43420319045264383,0.43420319045264383,0.43420319045264383,0.43420319045264383,0.43426894701507224,0.43426894701507224,0.43426894701507224,0.43426894701507224,0.43426894701507224,0.1315278625322839,0.1315278625322839,0.1315278625322839,0.1315278625322839,0.1315278625322839,0.3026753279203596,0.3026753279203596,0.3026753279203596,0.3026753279203596,0.3026753279203596
31.4,0.4342038924759978,0.4342038924759978,0.4342038924759978,0.4342038924759978,0.4342038924759978,0.4342688059465222,0.4342688059465222,0.4342688059465222,0.4342688059465222,0.4342688059465222,0.13152730157748002,0.13152730157748002,0.13152730157748002,0.13152730157748002,0.13152730157748002,0.30267659089851745,0.30267659089851745,0.30267659089851745,0.30267659089851745,0.30267659089851745
31.5,0.4342097521219345,0.4342097521219345,0.4342097521219345,0.4342097521219345,0.4342097521219345,0.4342677108433342,0.4342677108433342,0.4342677108433342,0.4342677108433342,0.4342677108433342,0.13152253703473116,0.13152253703473116,0.13152253703473116,0.13152253703473116,0.13152253703473116,0.30268721508720303,0.30268721508720303,0.30268721508720303,0.30268721508720303,0.30268721508720303
31.6,0.43422038048246075,0.43422038048246075,0.43422038048246075,0.43422038048246075,0.43422038048246075,0.4342657345194823,0.4342657345194823,0.4342657345194823,0.4342657345194823,0.4342657345194823,0.1315138849980569,0.1315138849980569,0.1315138849980569,0.1315138849980569,0.1315138849980569,0.30270649548440354,0.30270649548440354,0.30270649548440354,0.30270649548440354,0.30270649548440354
31.7,0.43423503857434087,0.43423503857434087,0.43423503857434087,0.43423503857434087,0.43423503857434087,0.4342630145195903,0.4342630145195903,0.4342630145195903,0.4342630145195903,0.4342630145195903,0.13150194690606873,0.13150194690606873,0.13150194690606873,0.13150194690606873,0.13150194690606873,0.30273309166827184,0.30273309166827184,0.30273309166827184,0.30273309166827184,0.30273309166827184
31.8,0.43425263733909736,0.43425263733909736,0.43425263733909736,0.43425263733909736,0.43425263733909736,0.43425975311893245,0.43425975311893245,0.43425975311893245,0.43425975311893245,0.43425975311893245,0.1314876095419702,0.1314876095419702,0.1314876095419702,0.1314876095419702,0.1314876095419702,0.30276502779712683,0.30276502779712683,0.30276502779712683,0.30276502779712683,0.30276502779712683
31.9,0.43427173764301036,0.43427173764301036,0.43427173764301036,0.43427173764301036,0.43427173764301036,0.4342562173234329,0.4342562173234329,0.4342562173234329,0.4342562173234329,0.4342562173234329,0.1314720450335567,0.1314720450335567,0.1314720450335567,0.1314720450335567,0.1314720450335567,0.30279969260945333,0.30279969260945333,0.30279969260945333,0.30279969260945333,0.30279969260945333
32.0,0.43429055027711805,0.43429055027711805,0.43429055027711805,0.43429055027711805,0.43429055027711805,0.43425273886966614,0.43425273886966614,0.43425273886966614,0.43425273886966614,0.43425273886966614,0.13145671085321572,0.13145671085321572,0.13145671085321572,0.13145671085321572,0.13145671085321572,0.302833839423902,0.302833839423902,0.302833839423902,0.302833839423902,0.302833839423902
32.1,0.43430693595721653,0.43430693595721653,0.43430693595721653,0.43430693595721653,0.43430693595721653,0.43424971422485675,0.43424971422485675,0.43424971422485675,0.43424971422485675,0.43424971422485675,0.13144334981792666,0.13144334981792666,0.13144334981792666,0.13144334981792666,0.13144334981792666,0.30286358613928954,0.30286358613928954,0.30286358613928954,0.30286358613928954,0.30286358613928954
32.2,0.43431840532385957,0.43431840532385957,0.43431840532385957,0.43431840532385957,0.43431840532385957,0.4342476045868795,0.4342476045868795,0.4342476045868795,0.4342476045868795,0.4342476045868795,0.1314339900892609,0.1314339900892609,0.1314339900892609,0.1314339900892609,0.1314339900892609,0.3028844152345983,0.3028844152345983,0.3028844152345983,0.3028844152345983,0.3028844152345983
32.3,0.434322118942359,0.434322118942359,0.434322118942359,0.434322118942359,0.434322118942359,0.4342469358842591,0.4342469358842591,0.4342469358842591,0.4342469358842591,0.4342469358842591,0.1314309451733818,0.1314309451733818,0.1314309451733818,0.1314309451733818,0.1314309451733818,0.3028911737689769,0.3028911737689769,0.3028911737689769,0.3028911737689769,0.3028911737689769
32.4,0.4343150140362236,0.4343150140362236,0.4343150140362236,0.4343150140362236,0.4343150140362236,0.43424827499032065,0.43424827499032065,0.43424827499032065,0.43424827499032065,0.43424827499032065,0.1314367109734557,0.1314367109734557,0.1314367109734557,0.1314367109734557,0.1314367109734557,0.3028783030627676,0.3028783030627676,0.3028783030627676,0.3028783030627676,0.3028783030627676
32.5,0.43429983034651126,0.43429983034651126,0.43429983034651126,0.43429983034651126,0.43429983034651126,0.43425110336571277,0.43425110336571277,0.43425110336571277,0.43425110336571277,0.43425110336571277,0.13144906628777592,0.13144906628777592,0.13144906628777592,0.13144906628777592,0.13144906628777592,0.302850764058735,0.302850764058735,0.302850764058735,0.302850764058735,0.302850764058735
32.6,0.43428100454000096,0.43428100454000096,0.43428100454000096,0.43428100454000096,0.43428100454000096,0.43425459576727693,0.43425459576727693,0.43425459576727693,0.43425459576727693,0.43425459576727693,0.13146439969272206,0.13146439969272206,0.13146439969272206,0.13146439969272206,0.13146439969272206,0.3028166048472786,0.3028166048472786,0.3028166048472786,0.3028166048472786,0.3028166048472786
32.7,0.43426095637828704,0.43426095637828704,0.43426095637828704,0.43426095637828704,0.43426095637828704,0.4342583065147477,0.4342583065147477,0.4342583065147477,0.4342583065147477,0.4342583065147477,0.13148073710696517,0.13148073710696517,0.13148073710696517,0.13148073710696517,0.13148073710696517,0.3027802192713216,0.3027802192713216,0.3027802192713216,0.3027802192713216,0.3027802192713216
32.8,0.43424173441066277,0.43424173441066277,0.43424173441066277,0.43424173441066277,0.43424173441066277,0.4342618584565202,0.4342618584565202,0.4342618584565202,0.4342618584565202,0.4342618584565202,0.13149640713281693,0.13149640713281693,0.13149640713281693,0.13149640713281693,0.13149640713281693,0.30274532727784564,0.30274532727784564,0.30274532727784564,0.30274532727784564,0.30274532727784564
32.9,0.4342250159741205,0.4342250159741205,0.4342250159741205,0.4342250159741205,0.4342250159741205,0.4342649429696499,0.4342649429696499,0.4342649429696499,0.4342649429696499,0.4342649429696499,0.13151004105622946,0.13151004105622946,0.13151004105622946,0.13151004105622946,0.13151004105622946,0.3027149749178909,0.3027149749178909,0.3027149749178909,0.3027149749178909,0.3027149749178909
33.0,0.43421210719335146,0.43421210719335146,0.43421210719335146,0.43421210719335146,0.43421210719335146,0.43426731995985307,0.43426731995985307,0.43426731995985307,0.43426731995985307,0.43426731995985307,0.1315205728467954,0.1315205728467954,0.1315205728467954,0.1315205728467954,0.1315205728467954,0.3026915343465559,0.3026915343465559,0.3026915343465559,0.3026915343465559,0.3026915343465559
33.1,0.4342039429807457,0.4342039429807457,0.4342039429807457,0.4342039429807457,0.4342039429807457,0.43426881786150623,0.43426881786150623,0.43426881786150623,0.43426881786150623,0.43426881786150623,0.13152723915774794,0.13152723915774794,0.13152723915774794,0.13152723915774794,0.13152723915774794,0.3026767038229976,0.3026767038229976,0.3026767038229976,0.3026767038229976,0.3026767038229976
33.2,0.43420108703639254,0.43420108703639254,0.43420108703639254,0.43420108703639254,0.43420108703639254,0.43426933363764664,0.43426933363764664,0.43426933363764664,0.43426933363764664,0.43426933363764664,0.13152957932596077,0.13152957932596077,0.13152957932596077,0.13152957932596077,0.13152957932596077,0.3026715077104316,0.3026715077104316,0.3026715077104316,0.3026715077104316,0.3026715077104316
33.3,0.4342037318480799,0.4342037318480799,0.4342037318480799,0.4342037318480799,0.4342037318480799,0.43426883277997197,0.43426883277997197,0.43426883277997197,0.43426883277997197,0.43426883277997197,0.13152743537194805,0.13152743537194805,0.13152743537194805,0.13152743537194805,0.13152743537194805,0.3026762964761317,0.3026762964761317,0.3026762964761317,0.3026762964761317,0.3026762964761317
33.4,0.434211698691295,0.434211698691295,0.434211698691295,0.434211698691295,0.434211698691295,0.4342673493088404,0.4342673493088404,0.4342673493088404,0.4342673493088404,0.4342673493088404,0.1315209519998645,0.1315209519998645,0.1315209519998645,0.1315209519998645,0.1315209519998645,0.30269074669143026,0.30269074669143026,0.30269074669143026,0.30269074669143026,0.30269074669143026
33.5,0.4342244376292237,0.4342244376292237,0.4342244376292237,0.4342244376292237,0.4342244376292237,0.4342649857732709,0.4342649857732709,0.4342649857732709,0.4342649857732709,0.4342649857732709,0.13151057659750534,0.13151057659750534,0.13151057659750534,0.13151057659750534,0.13151057659750534,0.3027138610317181,0.3027138610317181,0.3027138610317181,0.3027138610317181,0.3027138610317181
33.6,0.434241027512751,0.434241027512751,0.434241027512751,0.434241027512751,0.434241027512751,0.43426191325094254,0.43426191325094254,0.43426191325094254,0.43426191325094254,0.43426191325094254,0.13149705923630636,0.13149705923630636,0.13149705923630636,0.13149705923630636,0.13149705923630636,0.30274396827644434,0.30274396827644434,0.30274396827644434,0.30274396827644434,0.30274396827644434
33.7,0.4342601759804609,0.4342601759804609,0.4342601759804609,0.4342601759804609,0.4342601759804609,0.4342583713481952,0.4342583713481952,0.4342583713481952,0.4342583713481952,0.4342583713481952,0.13148145267134376,0.13148145267134376,0.13148145267134376,0.13148145267134376,0.13148145267134376,0.30277872330911676,0.30277872330911676,0.30277872330911676,0.30277872330911676,0.30277872330911676
33.8,0.43428021945863626,0.43428021945863626,0.43428021945863626,0.43428021945863626,0.43428021945863626,0.43425466820002934,0.43425466820002934,0.43425466820002934,0.43425466820002934,0.43425466820002934,0.13146511234133432,0.13146511234133432,0.13146511234133432,0.13146511234133432,0.13146511234133432,0.3028151071173015,0.3028151071173015,0.3028151071173015,0.3028151071173015,0.3028151071173015
33.9,0.4342991231612588,0.4342991231612588,0.4342991231612588,0.4342991231612588,0.4342991231612588,0.43425118047010575,0.43425118047010575,0.43425118047010575,0.43425118047010575,0.43425118047010575,0.13144969636863535,0.13144969636863535,0.13144969636863535,0.13144969636863535,0.13144969636863535,0.3028494267926229,0.3028494267926229,0.3028494267926229,0.3028494267926229,0.3028494267926229
34.0,0.4343144810900095,0.4343144810900095,0.4343144810900095,0.4343144810900095,0.4343144810900095,0.43424835335074585,0.43424835335074585,0.43424835335074585,0.43424835335074585,0.43424835335074585,0.1314371655592446,0.1314371655592446,0.1314371655592446,0.1314371655592446,0.1314371655592446,0.30287731553076425,0.30287731553076425,0.30287731553076425,0.30287731553076425,0.30287731553076425
34.1,0.4343235160342679,0.4343235160342679,0.4343235160342679,0.4343235160342679,0.4343235160342679,0.4342467005629316,0.4342467005629316,0.4342467005629316,0.4342467005629316,0.4342467005629316,0.13142978340280043,0.13142978340280043,0.13142978340280043,0.13142978340280043,0.13142978340280043,0.30289373263146685,0.30289373263146685,0.30289373263146685,0.30289373263146685,0.30289373263146685
34.2,0.4343230795711129,0.4343230795711129,0.4343230795711129,0.4343230795711129,0.4343230795711129,0.4342468043563054,0.4342468043563054,0.4342468043563054,0.4342468043563054,0.4342468043563054,0.13143011607258165,0.13143011607258165,0.13143011607258165,0.13143011607258165,0.13143011607258165,0.30289296349853057,0.30289296349853057,0.30289296349853057,0.30289296349853057,0.30289296349853057
34.3,0.43431128971772415,0.43431128971772415,0.43431128971772415,0.43431128971772415,0.43431128971772415,0.4342490093860104,0.4342490093860104,0.4342490093860104,0.4342490093860104,0.4342490093860104,0.1314397008962654,0.1314397008962654,0.1314397008962654,0.1314397008962654,0.1314397008962654,0.3028715888214581,0.3028715888214581,0.3028715888214581,0.3028715888214581,0.3028715888214581
34.4,0.4342937663633865,0.4342937663633865,0.4342937663633865,0.4342937663633865,0.4342937663633865,0.4342522642901226,0.4342522642901226,0.4342522642901226,0.4342522642901226,0.4342522642901226,0.13145396934649084,0.13145396934649084,0.13145396934649084,0.13145396934649084,0.13145396934649084,0.30283979701689495,0.30283979701689495,0.30283979701689495,0.30283979701689495,0.30283979701689495
34.5,0.4342736874467981,0.4342736874467981,0.4342736874467981,0.4342736874467981,0.4342736874467981,0.434255982271929,0.434255982271929,0.434255982271929,0.434255982271929,0.434255982271929,0.13147033028127278,0.13147033028127278,0.13147033028127278,0.13147033028127278,0.13147033028127278,0.3028033571655247,0.3028033571655247,0.3028033571655247,0.3028033571655247,0.3028033571655247
34.6,0.434253353988558,0.434253353988558,0.434253353988558,0.434253353988558,0.434253353988558,0.43425973994354794,0.43425973994354794,0.43425973994354794,0.43425973994354794,0.43425973994354794,0.13148690606789398,0.13148690606789398,0.13148690606789398,0.13148690606789398,0.13148690606789398,0.3027664479206634,0.3027664479206634,0.3027664479206634,0.3027664479206634,0.3027664479206634
34.7,0.4342346865388855,0.4342346865388855,0.4342346865388855,0.4342346865388855,0.4342346865388855,0.4342631841033136,0.4342631841033136,0.4342631841033136,0.4342631841033136,0.4342631841033136,0.1315021293578008,0.1315021293578008,0.1315021293578008,0.1315021293578008,0.1315021293578008,0.302732557181084,0.302732557181084,0.302732557181084,0.302732557181084,0.302732557181084
34.8,0.4342192251776201,0.4342192251776201,0.4342192251776201,0.4342192251776201,0.4342192251776201,0.4342660317357764,0.4342660317357764,0.4342660317357764,0.4342660317357764,0.4342660317357764,0.1315147430866034,0.1315147430866034,0.1315147430866034,0.1315147430866034,0.1315147430866034,0.3027044820910161,0.3027044820910161,0.3027044820910161,0.3027044820910161,0.3027044820910161
34.9,0.434208129514222,0.434208129514222,0.434208129514222,0.434208129514222,0.434208129514222,0.4342680700117025,0.4342680700117025,0.4342680700117025,0.4342680700117025,0.4342680700117025,0.1315238004740754,0.1315238004740754,0.1315238004740754,0.1315238004740754,0.1315238004740754,0.30268432904014597,0.30268432904014597,0.30268432904014597,0.30268432904014597,0.30268432904014597
35.0,0.43420217868777156,0.43420217868777156,0.43420217868777156,0.43420217868777156,0.43420217868777156,0.4342691562880742,0.4342691562880742,0.4342691562880742,0.4342691562880742,0.4342691562880742,0.13152866502415417,0.13152866502415417,0.13152866502415417,0.13152866502415417,0.13152866502415417,0.3026735136636167,0.3026735136636167,0.3026735136636167,0.3026735136636167,0.3026735136636167
35.1,0.43420177136696947,0.43420177136696947,0.43420177136696947,0.43420177136696947,0.43420177136696947,0.43426921810808977,0.43426921810808977,0.43426921810808977,0.43426921810808977,0.43426921810808977,0.13152901052494068,0.13152901052494068,0.13152901052494068,0.13152901052494068,0.13152901052494068,0.30267276084202815,0.30267276084202815,0.30267276084202815,0.30267276084202815,0.30267276084202815
35.2,0.43420692575013686,0.43420692575013686,0.43420692575013686,0.43420692575013686,0.43420692575013686,0.43426825320116347,0.43426825320116347,0.43426825320116347,0.43426825320116347,0.43426825320116347,0.13152482104869956,0.13152482104869956,0.13152482104869956,0.13152482104869956,0.13152482104869956,0.30268210470143664,0.30268210470143664,0.30268210470143664,0.30268210470143664,0.30268210470143664
35.3,0.4342172795652153,0.4342172795652153,0.4342172795652153,0.4342172795652153,0.4342172795652153,0.4342663294829256,0.4342663294829256,0.4342663294829256,0.4342663294829256,0.4342663294829256,0.13151639095185907,0.13151639095185907,0.13151639095185907,0.13151639095185907,0.13151639095185907,0.30270088861335553,0.30270088861335553,0.30270088861335553,0.30270088861335553,0.30270088861335553
35.4,0.43423209006976643,0.43423209006976643,0.43423209006976643,0.43423209006976643,0.43423209006976643,0.43426358505522233,0.43426358505522233,0.43426358505522233,0.43426358505522233,0.43426358505522233,0.13150432487501115,0.13150432487501115,0.13150432487501115,0.13150432487501115,0.13150432487501115,0.30272776519475464,0.30272776519475464,0.30272776519475464,0.30272776519475464,0.30272776519475464
35.5,0.4342502340509727,0.4342502340509727,0.4342502340509727,0.4342502340509727,0.4342502340509727,0.43426022820611593,0.43426022820611593,0.43426022820611593,0.43426022820611593,0.43426022820611593,0.13148953774291133,0.13148953774291133,0.13148953774291133,0.13148953774291133,0.13148953774291133,0.30276069630806063,0.30276069630806063,0.30276069630806063,0.30276069630806063,0.30276069630806063
35.6,0.4342702078256364,0.4342702078256364,0.4342702078256364,0.4342702078256364,0.4342702078256364,0.4342565374098847,0.4342565374098847,0.4342565374098847,0.4342565374098847,0.4342565374098847,0.1314732547644788,0.1314732547644788,0.1314732547644788,0.1314732547644788,0.1314732547644788,0.30279695306115695,0.30279695306115695,0.30279695306115695,0.30279695306115695,0.30279695306115695
35.7,0.4342901272401807,0.4342901272401807,0.4342901272401807,0.4342901272401807,0.4342901272401807,0.43425286132702284,0.43425286132702284,0.43425286132702284,0.43425286132702284,0.43425286132702284,0.13145701143279642,0.13145701143279642,0.13145701143279642,0.13145701143279642,0.13145701143279642,0.3028331158073836,0.3028331158073836,0.3028331158073836,0.3028331158073836,0.3028331158073836
35.8,0.4343077276706487,0.4343077276706487,0.4343077276706487,0.4343077276706487,0.4343077276706487,0.43424961880424057,0.43424961880424057,0.43424961880424057,0.43424961880424057,0.43424961880424057,0.13144265352511064,0.13144265352511064,0.13144265352511064,0.13144265352511064,0.13144265352511064,0.3028650741455373,0.3028650741455373,0.3028650741455373,0.3028650741455373,0.3028650741455373
35.9,0.43432036402270413,0.43432036402270413,0.43432036402270413,0.43432036402270413,0.43432036402270413,0.4342472988744642,0.4342472988744642,0.4342472988744642,0.4342472988744642,0.4342472988744642,0.1314323371028316,0.1314323371028316,0.1314323371028316,0.1314323371028316,0.1314323371028316,0.3028880269198718,0.3028880269198718,0.3028880269198718,0.3028880269198718,0.3028880269198718
36.0,0.434325010731631,0.434325010731631,0.434325010731631,0.434325010731631,0.434325010731631,0.43424646075683593,0.43424646075683593,0.43424646075683593,0.43424646075683593,0.43424646075683593,0.131428528511533,0.131428528511533,0.131428528511533,0.131428528511533,0.131428528511533,0.30289648222009724,0.30289648222009724,0.30289648222009724,0.30289648222009724,0.30289648222009724
36.1,0.43431833004198334,0.43431833004198334,0.43431833004198334,0.43431833004198334,0.43431833004198334,0.43424772109086107,0.43424772109086107,0.43424772109086107,0.43424772109086107,0.43424772109086107,0.13143394886715545,0.13143394886715545,0.13143394886715545,0.13143394886715545,0.13143394886715545,0.3028843811748272,0.3028843811748272,0.3028843811748272,0.3028843811748272,0.3028843811748272
36.2,0.43430293838123624,0.43430293838123624,0.43430293838123624,0.43430293838123624,0.43430293838123624,0.4342505860639363,0.4342505860639363,0.4342505860639363,0.4342505860639363,0.4342505860639363,0.1314464755548273,0.1314464755548273,0.1314464755548273,0.1314464755548273,0.1314464755548273,0.3028564628264082,0.3028564628264082,0.3028564628264082,0.3028564628264082,0.3028564628264082
36.3,0.4342838205347115,0.4342838205347115,0.4342838205347115,0.4342838205347115,0.4342838205347115,0.43425412964568977,0.43425412964568977,0.43425412964568977,0.43425412964568977,0.43425412964568977,0.1314620498195986,0.1314620498195986,0.1314620498195986,0.1314620498195986,0.1314620498195986,0.3028217707151122,0.3028217707151122,0.3028217707151122,0.3028217707151122,0.3028217707151122
36.4,0.43426344153161706,0.43426344153161706,0.43426344153161706,0.43426344153161706,0.43426344153161706,0.43425789816466576,0.43425789816466576,0.43425789816466576,0.43425789816466576,0.43425789816466576,0.13147866030371705,0.13147866030371705,0.13147866030371705,0.13147866030371705,0.13147866030371705,0.30278478122789926,0.30278478122789926,0.30278478122789926,0.30278478122789926,0.30278478122789926
36.5,0.43424388704836286,0.43424388704836286,0.43424388704836286,0.43424388704836286,0.43424388704836286,0.43426150793332485,0.43426150793332485,0.43426150793332485,0.43426150793332485,0.43426150793332485,0.13149460501831214,0.13149460501831214,0.13149460501831214,0.13149460501831214,0.13149460501831214,0.30274928203005,0.30274928203005,0.30274928203005,0.30274928203005,0.30274928203005
36.6,0.43422686340856076,0.43422686340856076,0.43422686340856076,0.43422686340856076,0.43422686340856076,0.43426464524804403,0.43426464524804403,0.43426464524804403,0.43426464524804403,0.43426464524804403,0.13150849134339504,0.13150849134339504,0.13150849134339504,0.13150849134339504,0.13150849134339504,0.302718372065165,0.302718372065165,0.302718372065165,0.302718372065165,0.302718372065165
36.7,0.4342136975830244,0.4342136975830244,0.4342136975830244,0.4342136975830244,0.4342136975830244,0.4342670663891168,0.4342670663891168,0.4342670663891168,0.4342670663891168,0.4342670663891168,0.13151923602785867,0.13151923602785867,0.13151923602785867,0.13151923602785867,0.13151923602785867,0.302694461555165,0.302694461555165,0.302694461555165,0.302694461555165,0.302694461555165
36.8,0.4342053371897694,0.4342053371897694,0.4342053371897694,0.4342053371897694,0.4342053371897694,0.43426859762075287,0.43426859762075287,0.43426859762075287,0.43426859762075287,0.43426859762075287,0.13152606518947765,0.13152606518947765,0.13152606518947765,0.13152606518947765,0.13152606518947765,0.302679272000291,0.302679272000291,0.302679272000291,0.302679272000291,0.302679272000291
36.9,0.4342023504940131,0.4342023504940131,0.4342023504940131,0.4342023504940131,0.4342023504940131,0.4342691351910784,0.4342691351910784,0.4342691351910784,0.4342691351910784,0.4342691351910784,0.13152851431490833,0.13152851431490833,0.13152851431490833,0.13152851431490833,0.13152851431490833,0.30267383617910404,0.30267383617910404,0.30267383617910404,0.30267383617910404,0.30267383617910404
37.0,0.434204926408175,0.434204926408175,0.434204926408175,0.434204926408175,0.434204926408175,0.43426864533213605,0.43426864533213605,0.43426864533213605,0.43426864533213605,0.43426864533213605,0.13152642825968883,0.13152642825968883,0.13152642825968883,0.13152642825968883,0.13152642825968883,0.30267849814848546,0.30267849814848546,0.30267849814848546,0.30267849814848546,0.30267849814848546
37.1,0.4342128744918763,0.4342128744918763,0.4342128744918763,0.4342128744918763,0.4342128744918763,0.43426716425988465,0.43426716425988465,0.43426716425988465,0.43426716425988465,0.43426716425988465,0.1315199612482389,0.1315199612482389,0.1315199612482389,0.1315199612482389,0.1315199612482389,0.3026929132436367,0.3026929132436367,0.3026929132436367,0.3026929132436367,0.3026929132436367
37.2,0.43422562495194017,0.43422562495194017,0.43422562495194017,0.43422562495194017,0.43422562495194017,0.4342647981741996,0.4342647981741996,0.4342647981741996,0.4342647981741996,0.4342647981741996,0.1315095768738601,0.1315095768738601,0.1315095768738601,0.1315095768738601,0.1315095768738601,0.30271604807807934,0.30271604807807934,0.30271604807807934,0.30271604807807934,0.30271604807807934
37.3,0.43424222864239154,0.43424222864239154,0.43424222864239154,0.43424222864239154,0.43424222864239154,0.43426172325887263,0.43426172325887263,0.43426172325887263,0.43426172325887263,0.43426172325887263,0.1314960480987357,0.1314960480987357,0.1314960480987357,0.1314960480987357,0.1314960480987357,0.30274618054365515,0.30274618054365515,0.30274618054365515,0.30274618054365515,0.30274618054365515
37.4,0.43426135706445745,0.43426135706445745,0.43426135706445745,0.43426135706445745,0.43426135706445745,0.4342581856816118,0.4342581856816118,0.4342581856816118,0.4342581856816118,0.4342581856816118,0.13148045725393062,0.13148045725393062,0.13148045725393062,0.13148045725393062,0.13148045725393062,0.3027808998105262,0.3027808998105262,0.3027808998105262,0.3027808998105262,0.3027808998105262
37.5,0.43428130236656665,0.43428130236656665,0.43428130236656665,0.43428130236656665,0.43428130236656665,0.4342545015940416,0.4342545015940416,0.4342545015940416,0.4342545015940416,0.4342545015940416,0.1314641960393916,0.1314641960393916,0.1314641960393916,0.1314641960393916,0.1314641960393916,0.3028171063271744,0.3028171063271744,0.3028171063271744,0.3028171063271744,0.3028171063271744
37.6,0.4342999773443499,0.4342999773443499,0.4342999773443499,0.4342999773443499,0.4342999773443499,0.4342510571317029,0.4342510571317029,0.4342510571317029,0.4342510571317029,0.4342510571317029,0.13144896552394703,0.13144896552394703,0.13144896552394703,0.13144896552394703,0.13144896552394703,0.3028510118204022,0.3028510118204022,0.3028510118204022,0.3028510118204022,0.3028510118204022
37.7,0.4343149154406397,0.4343149154406397,0.4343149154406397,0.4343149154406397,0.4343149154406397,0.4342483084140531,0.4342483084140531,0.4342483084140531,0.4342483084140531,0.4342483084140531,0.13143677614530708,0.13143677614530708,0.13143677614530708,0.13143677614530708,0.13143677614530708,0.302878139295332,0.302878139295332,0.302878139295332,0.302878139295332,0.302878139295332
37.8,0.4343232707454706,0.4343232707454706,0.4343232707454706,0.4343232707454706,0.4343232707454706,0.43424678154446567,0.43424678154446567,0.43424678154446567,0.43424678154446567,0.43424678154446567,0.1314299477100636,0.1314299477100636,0.1314299477100636,0.1314299477100636,0.1314299477100636,0.3028933230354064,0.3028933230354064,0.3028933230354064,0.3028933230354064,0.3028933230354064
37.9,0.43432181799607894,0.43432181799607894,0.43432181799607894,0.43432181799607894,0.43432181799607894,0.4342470726102307,0.4342470726102307,0.4342470726102307,0.4342470726102307,0.4342470726102307,0.13143110939369018,0.13143110939369018,0.13143110939369018,0.13143110939369018,0.13143110939369018,0.3028907086023882,0.3028907086023882,0.3028907086023882,0.3028907086023882,0.3028907086023882
38.0,0.43430930303493137,0.43430930303493137,0.43430930303493137,0.43430930303493137,0.43430930303493137,0.4342494092491372,0.4342494092491372,0.4342494092491372,0.4342494092491372,0.4342494092491372,0.13144128771593128,0.13144128771593128,0.13144128771593128,0.13144128771593128,0.13144128771593128,0.30286801531899954,0.30286801531899954,0.30286801531899954,0.30286801531899954,0.30286801531899954
38.1,0.4342917068594264,0.4342917068594264,0.4342917068594264,0.4342917068594264,0.4342917068594264,0.43425267554210584,0.43425267554210584,0.43425267554210584,0.43425267554210584,0.43425267554210584,0.1314556175984676,0.1314556175984676,0.1314556175984676,0.1314556175984676,0.1314556175984676,0.30283608926095823,0.30283608926095823,0.30283608926095823,0.30283608926095823,0.30283608926095823
38.2,0.4342719050491309,0.4342719050491309,0.4342719050491309,0.4342719050491309,0.4342719050491309,0.4342563410344957,0.4342563410344957,0.4342563410344957,0.4342563410344957,0.4342563410344957,0.1314717539163733,0.1314717539163733,0.1314717539163733,0.1314717539163733,0.1314717539163733,0.302800151132757,0.302800151132757,0.302800151132757,0.302800151132757,0.302800151132757
38.3,0.43425210497027666,0.43425210497027666,0.43425210497027666,0.43425210497027666,0.43425210497027666,0.43425999937492216,0.43425999937492216,0.43425999937492216,0.43425999937492216,0.43425999937492216,0.13148789565480104,0.13148789565480104,0.13148789565480104,0.13148789565480104,0.13148789565480104,0.30276420931547504,0.30276420931547504,0.30276420931547504,0.30276420931547504,0.30276420931547504
38.4,0.4342341406300222,0.4342341406300222,0.4342341406300222,0.4342341406300222,0.4342341406300222,0.4342633131204833,0.4342633131204833,0.4342633131204833,0.4342633131204833,0.4342633131204833,0.13150254624949434,0.13150254624949434,0.13150254624949434,0.13150254624949434,0.13150254624949434,0.3027315943805273,0.3027315943805273,0.3027315943805273,0.3027315943805273,0.3027315943805273
38.5,0.4342194726764526,0.4342194726764526,0.4342194726764526,0.4342194726764526,0.4342194726764526,0.4342660137367598,0.4342660137367598,0.4342660137367598,0.4342660137367598,0.4342660137367598,0.1315145135867874,0.1315145135867874,0.1315145135867874,0.1315145135867874,0.1315145135867874,0.3027049590896647,0.3027049590896647,0.3027049590896647,0.3027049590896647,0.3027049590896647
38.6,0.4342091883985795,0.4342091883985795,0.4342091883985795,0.4342091883985795,0.4342091883985795,0.43426790159781503,0.43426790159781503,0.43426790159781503,0.43426790159781503,0.43426790159781503,0.13152291000360528,0.13152291000360528,0.13152291000360528,0.13152291000360528,0.13152291000360528,0.30268627839497375,0.30268627839497375,0.30268627839497375,0.30268627839497375,0.30268627839497375
38.7,0.43420400172634116,0.43420400172634116,0.43420400172634116,0.43420400172634116,0.43420400172634116,0.43426884598619486,0.43426884598619486,0.43426884598619486,0.43426884598619486,0.43426884598619486,0.1315271522874638,0.1315271522874638,0.1315271522874638,0.1315271522874638,0.1315271522874638,0.30267684943887685,0.30267684943887685,0.30267684943887685,0.30267684943887685,0.30267684943887685
38.8,0.43420425323060236,0.43420425323060236,0.43420425323060236,0.43420425323060236,0.43420425323060236,0.4342687850929279,0.4342687850929279,0.4342687850929279,0.4342687850929279,0.4342687850929279,0.1315269616764696,0.1315269616764696,0.1315269616764696,0.1315269616764696,0.1315269616764696,0.3026772915541322,0.3026772915541322,0.3026772915541322,0.3026772915541322,0.3026772915541322
38.9,0.4342099101231544,0.4342099101231544,0.4342099101231544,0.4342099101231544,0.4342099101231544,0.4342677260175254,0.4342677260175254,0.4342677260175254,0.4342677260175254,0.4342677260175254,0.13152236385932004,0.13152236385932004,0.13152236385932004,0.13152236385932004,0.13152236385932004,0.3026875462638338,0.3026875462638338,0.3026875462638338,0.3026875462638338,0.3026875462638338
39.0,0.43422056625671535,0.43422056625671535,0.43422056625671535,0.43422056625671535,0.43422056625671535,0.4342657447679812,0.4342657447679812,0.4342657447679812,0.4342657447679812,0.4342657447679812,0.1315136889753033,0.1315136889753033,0.1315136889753033,0.1315136889753033,0.1315136889753033,0.3027068772814115,0.3027068772814115,0.3027068772814115,0.3027068772814115,0.3027068772814115
39.1,0.43423544212492976,0.43423544212492976,0.43423544212492976,0.43423544212492976,0.43423544212492976,0.4342629862607717,0.4342629862607717,0.4342629862607717,0.4342629862607717,0.4342629862607717,0.13150157161429835,0.13150157161429835,0.13150157161429835,0.13150157161429835,0.13150157161429835,0.30273387051063083,0.30273387051063083,0.30273387051063083,0.30273387051063083,0.30273387051063083
39.2,0.43425338486236875,0.43425338486236875,0.43425338486236875,0.43425338486236875,0.43425338486236875,0.43425966432085616,0.43425966432085616,0.43425966432085616,0.43425966432085616,0.43425966432085616,0.13148695081677492,0.13148695081677492,0.13148695081677492,0.13148695081677492,0.13148695081677492,0.30276643404559317,0.30276643404559317,0.30276643404559317,0.30276643404559317,0.30276643404559317
39.3,0.4342728682445301,0.4342728682445301,0.4342728682445301,0.4342728682445301,0.4342728682445301,0.4342560616816762,0.4342560616816762,0.4342560616816762,0.4342560616816762,0.4342560616816762,0.13147107007379355,0.13147107007379355,0.13147107007379355,0.13147107007379355,0.13147107007379355,0.3028017981707358,0.3028017981707358,0.3028017981707358,0.3028017981707358,0.3028017981707358
39.4,0.434291992687838,0.434291992687838,0.434291992687838,0.434291992687838,0.434291992687838,0.4342525299851563,0.4342525299851563,0.4342525299851563,0.4342525299851563,0.4342525299851563,0.13145547732700555,0.13145547732700555,0.13145547732700555,0.13145547732700555,0.13145547732700555,0.3028365153608317,0.3028365153608317,0.3028365153608317,0.3028365153608317,0.3028365153608317
39.5,0.43430848524964344,0.43430848524964344,0.43430848524964344,0.43430848524964344,0.43430848524964344,0.43424948978170336,0.43424948978170336,0.43424948978170336,0.43424948978170336,0.43424948978170336,0.131442024968653,0.131442024968653,0.131442024968653,0.131442024968653,0.131442024968653,0.3028664602809897,0.3028664602809897,0.3028664602809897,0.3028664602809897,0.3028664602809897
39.6,0.43431969962822387,0.43431969962822387,0.43431969962822387,0.43431969962822387,0.43431969962822387,0.43424743053020715,0.43424743053020715,0.43424743053020715,0.43424743053020715,0.43424743053020715,0.13143286984156885,0.13143286984156885,0.13143286984156885,0.13143286984156885,0.13143286984156885,0.3028868297866542,0.3028868297866542,0.3028868297866542,0.3028868297866542,0.3028868297866542
39.7,0.4343226161627833,0.4343226161627833,0.4343226161627833,0.4343226161627833,0.4343226161627833,0.4342469105980399,0.4342469105980399,0.4342469105980399,0.4342469105980399,0.4342469105980399,0.13143047323917667,0.13143047323917667,0.13143047323917667,0.13143047323917667,0.13143047323917667,0.30289214292360583,0.30289214292360583,0.30289214292360583,0.30289214292360583,0.30289214292360583
39.8,0.43431421779407187,0.43431421779407187,0.43431421779407187,0.43431421779407187,0.43431421779407187,0.43424848702970176,0.43424848702970176,0.43424848702970176,0.43424848702970176,0.43424848702970176,0.13143729517622615,0.13143729517622615,0.13143729517622615,0.13143729517622615,0.13143729517622615,0.3028769226178449,0.3028769226178449,0.3028769226178449,0.3028769226178449,0.3028769226178449
39.9,0.43429850925629354,0.43429850925629354,0.43429850925629354,0.43429850925629354,0.43429850925629354,0.43425140857777195,0.43425140857777195,0.43425140857777195,0.43425140857777195,0.43425140857777195,0.13145008216593432,0.13145008216593432,0.13145008216593432,0.13145008216593432,0.13145008216593432,0.3028484270903584,0.3028484270903584,0.3028484270903584,0.3028484270903584,0.3028484270903584
40.0,0.43427962659537717,0.43427962659537717,0.43427962659537717,0.43427962659537717,0.43427962659537717,0.43425490821238,0.43425490821238,0.43425490821238,0.43425490821238,0.43425490821238,0.13146546519224264,0.13146546519224264,0.13146546519224264,0.13146546519224264,0.13146546519224264,0.3028141614031337,0.3028141614031337,0.3028141614031337,0.3028141614031337,0.3028141614031337
40.1,0.4342598943037616,0.4342598943037616,0.4342598943037616,0.4342598943037616,0.4342598943037616,0.4342585577352884,0.4342585577352884,0.4342585577352884,0.4342585577352884,0.4342585577352884,0.1314815479609498,0.1314815479609498,0.1314815479609498,0.1314815479609498,0.1314815479609498,0.302778346342811,0.302778346342811,0.302778346342811,0.302778346342811,0.302778346342811
40.2,0.4342412694895373,0.4342412694895373,0.4342412694895373,0.4342412694895373,0.4342412694895373,0.4342619967846544,0.4342619967846544,0.4342619967846544,0.4342619967846544,0.4342619967846544,0.1314967337258081,0.1314967337258081,0.1314967337258081,0.1314967337258081,0.1314967337258081,0.3027445357637284,0.3027445357637284,0.3027445357637284,0.3027445357637284,0.3027445357637284
40.3,0.4342253418764464,0.4342253418764464,0.4342253418764464,0.4342253418764464,0.4342253418764464,0.4342649328350299,0.4342649328350299,0.4342649328350299,0.4342649328350299,0.4342649328350299,0.1315097252885235,0.1315097252885235,0.1315097252885235,0.1315097252885235,0.1315097252885235,0.3027156165879221,0.3027156165879221,0.3027156165879221,0.3027156165879221,0.3027156165879221
40.4,0.4342133338038828,0.4342133338038828,0.4342133338038828,0.4342133338038828,0.4342133338038828,0.43426714119736154,0.43426714119736154,0.43426714119736154,0.43426714119736154,0.43426714119736154,0.13151952499875552,0.13151952499875552,0.13151952499875552,0.13151952499875552,0.13151952499875552,0.3026938088051264,0.3026938088051264,0.3026938088051264,0.3026938088051264,0.3026938088051264
40.5,0.4342061002268919,0.4342061002268919,0.4342061002268919,0.4342061002268919,0.4342061002268919,0.4342684650189905,0.4342684650189905,0.4342684650189905,0.4342684650189905,0.4342684650189905,0.1315254347541174,0.1315254347541174,0.1315254347541174,0.1315254347541174,0.1315254347541174,0.30268066547277367,0.30268066547277367,0.30268066547277367,0.30268066547277367,0.30268066547277367
40.6,0.434204128716171,0.434204128716171,0.434204128716171,0.434204128716171,0.434204128716171,0.43426881528365285,0.43426881528365285,0.43426881528365285,0.43426881528365285,0.43426881528365285,0.13152705600017597,0.13152705600017597,0.13152705600017597,0.13152705600017597,0.13152705600017597,0.3026770727159942,0.3026770727159942,0.3026770727159942,0.3026770727159942,0.3026770727159942
40.7,0.43420753945806895,0.43420753945806895,0.43420753945806895,0.43420753945806895,0.43420753945806895,0.4342681708114792,0.4342681708114792,0.4342681708114792,0.4342681708114792,0.4342681708114792,0.13152428973045166,0.13152428973045166,0.13152428973045166,0.13152428973045166,0.13152428973045166,0.30268324972761645,0.30268324972761645,0.30268324972761645,0.30268324972761645,0.30268324972761645
40.8,0.4342160852545863,0.4342160852545863,0.4342160852545863,0.4342160852545863,0.4342160852545863,0.43426657825899484,0.43426657825899484,0.43426657825899484,0.43426657825899484,0.43426657825899484,0.1315173364864186,0.1315173364864186,0.1315173364864186,0.1315173364864186,0.1315173364864186,0.3026987487681669,0.3026987487681669,0.3026987487681669,0.3026987487681669,0.3026987487681669
40.9,0.4342291515233754,0.4342291515233754,0.4342291515233754,0.4342291515233754,0.4342291515233754,0.4342641521191199,0.4342641521191199,0.4342641521191199,0.4342641521191199,0.4342641521191199,0.13150669635750456,0.13150669635750456,0.13150669635750456,0.13150669635750456,0.13150669635750456,0.30272245516587004,0.30272245516587004,0.30272245516587004,0.30272245516587004,0.30272245516587004
41.0,0.43424575629774004,0.43424575629774004,0.43424575629774004,0.43424575629774004,0.43424575629774004,0.4342610747211689,0.4342610747211689,0.4342610747211689,0.4342610747211689,0.4342610747211689,0.13149316898109084,0.13149316898109084,0.13149316898109084,0.13149316898109084,0.13149316898109084,0.3027525873166484,0.3027525873166484,0.3027525873166484,0.3027525873166484,0.3027525873166484
41.1,0.4342645502266359,0.4342645502266359,0.4342645502266359,0.4342645502266359,0.4342645502266359,0.4342575962308514,0.4342575962308514,0.4342575962308514,0.4342575962308514,0.4342575962308514,0.13147785354251249,0.13147785354251249,0.13147785354251249,0.13147785354251249,0.13147785354251249,0.3027866966841226,0.3027866966841226,0.3027866966841226,0.3027866966841226,0.3027866966841226
41.2,0.4342838165746703,0.4342838165746703,0.4342838165746703,0.4342838165746703,0.4342838165746703,0.4342540346502714,0.4342540346502714,0.4342540346502714,0.4342540346502714,0.4342540346502714,0.13146214877505813,0.13146214877505813,0.13146214877505813,0.13146214877505813,0.13146214877505813,0.3028216677996114,0.3028216677996114,0.3028216677996114,0.3028216677996114,0.3028216677996114
41.3,0.43430147122210216,0.43430147122210216,0.43430147122210216,0.43430147122210216,0.43430147122210216,0.43425077581792765,0.43425077581792765,0.43425077581792765,0.43425077581792765,0.43425077581792765,0.13144775295997,0.13144775295997,0.13144775295997,0.13144775295997,0.13144775295997,0.3028537182621314,0.3028537182621314,0.3028537182621314,0.3028537182621314,0.3028537182621314
41.4,0.4343150626648422,0.4343150626648422,0.4343150626648422,0.4343150626648422,0.4343150626648422,0.4342482734087136,0.4342482734087136,0.4342482734087136,0.4342482734087136,0.4342482734087136,0.13143666392644401,0.13143666392644401,0.13143666392644401,0.13143666392644401,0.13143666392644401,0.30287839873839745,0.30287839873839745,0.30287839873839745,0.30287839873839745,0.30287839873839745
41.5,0.4343217720144527,0.4343217720144527,0.4343217720144527,0.4343217720144527,0.4343217720144527,0.43424704893391736,0.43424704893391736,0.43424704893391736,0.43424704893391736,0.43424704893391736,0.13143117905162974,0.13143117905162974,0.13143117905162974,0.13143117905162974,0.13143117905162974,0.3028905929628222,0.3028905929628222,0.3028905929628222,0.3028905929628222,0.3028905929628222
41.6,0.4343184129981478,0.4343184129981478,0.4343184129981478,0.4343184129981478,0.4343184129981478,0.43424769174122174,0.43424769174122174,0.43424769174122174,0.43424769174122174,0.43424769174122174,0.1314338952606303,0.1314338952606303,0.1314338952606303,0.1314338952606303,0.1314338952606303,0.3028845177375167,0.3028845177375167,0.3028845177375167,0.3028845177375167,0.3028845177375167
41.7,0.43430504696233335,0.43430504696233335,0.43430504696233335,0.43430504696233335,0.43430504696233335,0.4342501844857057,0.4342501844857057,0.4342501844857057,0.4342501844857057,0.4342501844857057,0.1314447685519608,0.1314447685519608,0.1314447685519608,0.1314447685519608,0.1314447685519608,0.3028602784103718,0.3028602784103718,0.3028602784103718,0.3028602784103718,0.3028602784103718
41.8,0.4342873816114045,0.4342873816114045,0.4342873816114045,0.4342873816114045,0.4342873816114045,0.4342534631791204,0.4342534631791204,0.4342534631791204,0.4342534631791204,0.4342534631791204,0.1314591552094749,0.1314591552094749,0.1314591552094749,0.1314591552094749,0.1314591552094749,0.30282822640192886,0.30282822640192886,0.30282822640192886,0.30282822640192886,0.30282822640192886
41.9,0.43426792813310144,0.43426792813310144,0.43426792813310144,0.43426792813310144,0.43426792813310144,0.43425706487396837,0.43425706487396837,0.43425706487396837,0.43425706487396837,0.43425706487396837,0.13147500699292997,0.13147500699292997,0.13147500699292997,0.13147500699292997,0.13147500699292997,0.3027929211401707,0.3027929211401707,0.3027929211401707,0.3027929211401707,0.3027929211401707
42.0,0.43424878278510376,0.43424878278510376,0.43424878278510376,0.43424878278510376,0.43424878278510376,0.43426060338717365,0.43426060338717365,0.43426060338717365,0.43426060338717365,0.43426060338717365,0.1314906138277224,0.1314906138277224,0.1314906138277224,0.1314906138277224,0.1314906138277224,0.30275816895738056,0.30275816895738056,0.30275816895738056,0.30275816895738056,0.30275816895738056
42.1,0.4342316779813892,0.4342316779813892,0.4342316779813892,0.4342316779813892,0.4342316779813892,0.43426375973670134,0.43426375973670134,0.43426375973670134,0.43426375973670134,0.43426375973670134,0.1315045622819093,0.1315045622819093,0.1315045622819093,0.1315045622819093,0.1315045622819093,0.302727115699479,0.302727115699479,0.302727115699479,0.302727115699479,0.302727115699479
42.2,0.43421798229223346,0.43421798229223346,0.43421798229223346,0.43421798229223346,0.43421798229223346,0.4342662821415579,0.4342662821415579,0.4342662821415579,0.4342662821415579,0.4342662821415579,0.13151573556620846,0.13151573556620846,0.13151573556620846,0.13151573556620846,0.13151573556620846,0.3027022467260242,0.3027022467260242,0.3027022467260242,0.3027022467260242,0.3027022467260242
42.3,0.43420870044421067,0.43420870044421067,0.43420870044421067,0.43420870044421067,0.43420870044421067,0.43426798602179084,0.43426798602179084,0.43426798602179084,0.43426798602179084,0.43426798602179084,0.1315233135339983,0.1315233135339983,0.1315233135339983,0.1315233135339983,0.1315233135339983,0.3026853869102115,0.3026853869102115,0.3026853869102115,0.3026853869102115,0.3026853869102115
42.4,0.43420447332019274,0.43420447332019274,0.43420447332019274,0.43420447332019274,0.43420447332019274,0.4342687539984891,0.4342687539984891,0.4342687539984891,0.4342687539984891,0.4342687539984891,0.131526772681318,0.131526772681318,0.131526772681318,0.131526772681318,0.131526772681318,0.3026777006388739,0.3026777006388739,0.3026777006388739,0.3026777006388739,0.3026777006388739
42.5,0.4342055779593499,0.4342055779593499,0.4342055779593499,0.4342055779593499,0.4342055779593499,0.43426853589378267,0.43426853589378267,0.43426853589378267,0.43426853589378267,0.43426853589378267,0.1315258861468673,0.1315258861468673,0.1315258861468673,0.1315258861468673,0.1315258861468673,0.3026796918124817,0.3026796918124817,0.3026796918124817,0.3026796918124817,0.3026796918124817
42.6,0.4342119275571502,0.4342119275571502,0.4342119275571502,0.4342119275571502,0.4342119275571502,0.43426734873084283,0.43426734873084283,0.43426734873084283,0.43426734873084283,0.43426734873084283,0.13152072371200674,0.13152072371200674,0.13152072371200674,0.13152072371200674,0.13152072371200674,0.3026912038451427,0.3026912038451427,0.3026912038451427,0.3026912038451427,0.3026912038451427
42.7,0.4342230714653602,0.4342230714653602,0.4342230714653602,0.4342230714653602,0.4342230714653602,0.43426527673388216,0.43426527673388216,0.43426527673388216,0.43426527673388216,0.43426527673388216,0.13151165180075747,0.13151165180075747,0.13151165180075747,0.13151165180075747,0.13151165180075747,0.30271141966460197,0.30271141966460197,0.30271141966460197,0.30271141966460197,0.30271141966460197
42.8,0.43423819519204426,0.43423819519204426,0.43423819519204426,0.43423819519204426,0.43423819519204426,0.43426247132815426,0.43426247132815426,0.43426247132815426,0.43426247132815426,0.43426247132815426,0.1314993334798013,0.1314993334798013,0.1314993334798013,0.1314993334798013,0.1314993334798013,0.3027388617122422,0.3027388617122422,0.3027388617122422,0.3027388617122422,0.3027388617122422
42.9,0.4342561204015649,0.4342561204015649,0.4342561204015649,0.4342561204015649,0.4342561204015649,0.4342591511399541,0.4342591511399541,0.4342591511399541,0.4342591511399541,0.4342591511399541,0.13148472845848083,0.13148472845848083,0.13148472845848083,0.13148472845848083,0.13148472845848083,0.30277139194308333,0.30277139194308333,0.30277139194308333,0.30277139194308333,0.30277139194308333
43.0,0.43427530491458277,0.43427530491458277,0.43427530491458277,0.43427530491458277,0.43427530491458277,0.43425560199661783,0.43425560199661783,0.43425560199661783,0.43425560199661783,0.43425560199661783,0.13146909308879917,0.13146909308879917,0.13146909308879917,0.13146909308879917,0.13146909308879917,0.30280621182578293,0.30280621182578293,0.30280621182578293,0.30280621182578293,0.30280621182578293
43.1,0.43429384270805665,0.43429384270805665,0.43429384270805665,0.43429384270805665,0.43429384270805665,0.43425217692652285,0.43425217692652285,0.43425217692652285,0.43425217692652285,0.43425217692652285,0.13145398036542028,0.13145398036542028,0.13145398036542028,0.13145398036542028,0.13145398036542028,0.30283986234263577,0.30283986234263577,0.30283986234263577,0.30283986234263577,0.30283986234263577
43.2,0.43430946391524344,0.43430946391524344,0.43430946391524344,0.43430946391524344,0.43430946391524344,0.4342492961590877,0.4342492961590877,0.4342492961590877,0.4342492961590877,0.4342492961590877,0.13144123992566864,0.13144123992566864,0.13144123992566864,0.13144123992566864,0.13144123992566864,0.3028682239895742,0.3028682239895742,0.3028682239895742,0.3028682239895742,0.3028682239895742
43.3,0.434319534825698,0.434319534825698,0.434319534825698,0.434319534825698,0.434319534825698,0.43424744712477226,0.43424744712477226,0.43424744712477226,0.43424744712477226,0.43424744712477226,0.13143301804952956,0.13143301804952956,0.13143301804952956,0.13143301804952956,0.13143301804952956,0.3028865167761679,0.3028865167761679,0.3028865167761679,0.3028865167761679,0.3028865167761679
43.4,0.4343210578852735,0.4343210578852735,0.4343210578852735,0.4343210578852735,0.4343210578852735,0.4342471844550775,0.4342471844550775,0.4342471844550775,0.4342471844550775,0.4342471844550775,0.13143175765964887,0.13143175765964887,0.13143175765964887,0.13143175765964887,0.13143175765964887,0.30288930022562405,0.30288930022562405,0.30288930022562405,0.30288930022562405,0.30288930022562405
43.5,0.4343114451968195,0.4343114451968195,0.4343114451968195,0.4343114451968195,0.4343114451968195,0.43424898541296153,0.43424898541296153,0.43424898541296153,0.43424898541296153,0.43424898541296153,0.13143956939021875,0.13143956939021875,0.13143956939021875,0.13143956939021875,0.13143956939021875,0.30287187580660024,0.30287187580660024,0.30287187580660024,0.30287187580660024,0.30287187580660024
43.6,0.43429540269747013,0.43429540269747013,0.43429540269747013,0.43429540269747013,0.43429540269747013,0.4342519682725999,0.4342519682725999,0.4342519682725999,0.4342519682725999,0.4342519682725999,0.1314526290299298,0.1314526290299298,0.1314526290299298,0.1314526290299298,0.1314526290299298,0.3028427736675398,0.3028427736675398,0.3028427736675398,0.3028427736675398,0.3028427736675398
43.7,0.43427651042775794,0.43427651042775794,0.43427651042775794,0.43427651042775794,0.43427651042775794,0.4342554698515009,0.4342554698515009,0.4342554698515009,0.4342554698515009,0.4342554698515009,0.13146801972074096,0.13146801972074096,0.13146801972074096,0.13146801972074096,0.13146801972074096,0.30280849070701643,0.30280849070701643,0.30280849070701643,0.30280849070701643,0.30280849070701643
43.8,0.43425702486422096,0.43425702486422096,0.43425702486422096,0.43425702486422096,0.43425702486422096,0.4342590743379843,0.4342590743379843,0.4342590743379843,0.4342590743379843,0.4342590743379843,0.13148390079779457,0.13148390079779457,0.13148390079779457,0.13148390079779457,0.13148390079779457,0.30277312406642576,0.30277312406642576,0.30277312406642576,0.30277312406642576,0.30277312406642576
43.9,0.4342388395180471,0.4342388395180471,0.4342388395180471,0.4342388395180471,0.4342388395180471,0.43426243296412004,0.43426243296412004,0.43426243296412004,0.43426243296412004,0.43426243296412004,0.1314987275178327,0.1314987275178327,0.1314987275178327,0.1314987275178327,0.1314987275178327,0.3027401120002137,0.3027401120002137,0.3027401120002137,0.3027401120002137,0.3027401120002137
44.0,0.4342234849350741,0.4342234849350741,0.4342234849350741,0.4342234849350741,0.4342234849350741,0.43426526400572835,0.43426526400572835,0.43426526400572835,0.43426526400572835,0.43426526400572835,0.13151125105919734,0.13151125105919734,0.13151125105919734,0.13151125105919734,0.13151125105919734,0.30271223387587615,0.30271223387587615,0.30271223387587615,0.30271223387587615,0.30271223387587615
44.1,0.4342121286957899,0.4342121286957899,0.4342121286957899,0.4342121286957899,0.4342121286957899,0.4342673527823797,0.4342673527823797,0.4342673527823797,0.4342673527823797,0.4342673527823797,0.13152051852183022,0.13152051852183022,0.13152051852183022,0.13152051852183022,0.13152051852183022,0.302691610173959,0.302691610173959,0.302691610173959,0.302691610173959,0.302691610173959
44.2,0.43420557541533206,0.43420557541533206,0.43420557541533206,0.43420557541533206,0.43420557541533206,0.4342685516573947,0.4342685516573947,0.4342685516573947,0.4342685516573947,0.4342685516573947,0.13152587292727302,0.13152587292727302,0.13152587292727302,0.13152587292727302,0.13152587292727302,0.30267970248805837,0.30267970248805837,0.30267970248805837,0.30267970248805837,0.30267970248805837
44.3,0.4342042667434883,0.4342042667434883,0.4342042667434883,0.4342042667434883,0.4342042667434883,0.4342687800378443,0.4342687800378443,0.4342687800378443,0.4342687800378443,0.4342687800378443,0.1315269532186672,0.1315269532186672,0.1315269532186672,0.1315269532186672,0.1315269532186672,0.3026773135248204,0.3026773135248204,0.3026773135248204,0.3026773135248204,0.3026773135248204
44.4,0.4342082813646961,0.4342082813646961,0.4342082813646961,0.4342082813646961,0.4342082813646961,0.43426802437454964,0.43426802437454964,0.43426802437454964,0.43426802437454964,0.43426802437454964,0.13152369426075408,0.13152369426075408,0.13152369426075408,0.13152369426075408,0.13152369426075408,0.30268458710394136,0.30268458710394136,0.30268458710394136,0.30268458710394136,0.30268458710394136
44.5,0.434217334998043,0.434217334998043,0.434217334998043,0.434217334998043,0.434217334998043,0.434266338162082,0.434266338162082,0.434266338162082,0.434266338162082,0.434266338162082,0.1315163268398748,0.1315163268398748,0.1315163268398748,0.1315163268398748,0.1315163268398748,0.3027010081581676,0.3027010081581676,0.3027010081581676,0.3027010081581676,0.3027010081581676
44.6,0.4342307803972664,0.4342307803972664,0.4342307803972664,0.4342307803972664,0.4342307803972664,0.43426384193876305,0.43426384193876305,0.43426384193876305,0.43426384193876305,0.43426384193876305,0.13150537766397036,0.13150537766397036,0.13150537766397036,0.13150537766397036,0.13150537766397036,0.3027254027332955,0.3027254027332955,0.3027254027332955,0.3027254027332955,0.3027254027332955
44.7,0.4342476073507537,0.4342476073507537,0.4342476073507537,0.4342476073507537,0.4342476073507537,0.43426072328666454,0.43426072328666454,0.43426072328666454,0.43426072328666454,0.43426072328666454,0.13149166936258155,0.13149166936258155,0.13149166936258155,0.13149166936258155,0.13149166936258155,0.30275593798817163,0.30275593798817163,0.30275593798817163,0.30275593798817163,0.30275593798817163
44.8,0.4342664426815421,0.4342664426815421,0.4342664426815421,0.4342664426815421,0.4342664426815421,0.4342572368316086,0.4342572368316086,0.4342572368316086,0.4342572368316086,0.4342572368316086,0.1314763204868491,0.1314763204868491,0.1314763204868491,0.1314763204868491,0.1314763204868491,0.3027901221946926,0.3027901221946926,0.3027901221946926,0.3027901221946926,0.3027901221946926
44.9,0.43428555024731885,0.43428555024731885,0.43428555024731885,0.43428555024731885,0.43428555024731885,0.4342537042431675,0.4342537042431675,0.4342537042431675,0.4342537042431675,0.4342537042431675,0.13146074550951348,0.13146074550951348,0.13146074550951348,0.13146074550951348,0.13146074550951348,0.30282480473780504,0.30282480473780504,0.30282480473780504,0.30282480473780504,0.30282480473780504
45.0,0.4343028309404211,0.4343028309404211,0.4343028309404211,0.4343028309404211,0.4343028309404211,0.4342505142346637,0.4342505142346637,0.4342505142346637,0.4342505142346637,0.4342505142346637,0.13144665482491502,0.13144665482491502,0.13144665482491502,0.13144665482491502,0.13144665482491502,0.30285617611550575,0.30285617611550575,0.30285617611550575,0.30285617611550575,0.30285617611550575
45.1,0.43431582268783586,0.43431582268783586,0.43431582268783586,0.43431582268783586,0.43431582268783586,0.43424812256316997,0.43424812256316997,0.43424812256316997,0.43424812256316997,0.43424812256316997,0.13143605474899397,0.13143605474899397,0.13143605474899397,0.13143605474899397,0.13143605474899397,0.3028797679388417,0.3028797679388417,0.3028797679388417,0.3028797679388417,0.3028797679388417
45.2,0.4343217004512002,0.4343217004512002,0.4343217004512002,0.4343217004512002,0.4343217004512002,0.4342470520295093,0.4342470520295093,0.4342470520295093,0.4342470520295093,0.4342470520295093,0.1314312475192903,0.1314312475192903,0.1314312475192903,0.1314312475192903,0.1314312475192903,0.30289045293190975,0.30289045293190975,0.30289045293190975,0.30289045293190975,0.30289045293190975
45.3,0.43431727622680105,0.43431727622680105,0.43431727622680105,0.43431727622680105,0.43431727622680105,0.43424789247825485,0.43424789247825485,0.43424789247825485,0.43424789247825485,0.43424789247825485,0.13143483129494393,0.13143483129494393,0.13143483129494393,0.13143483129494393,0.13143483129494393,0.30288244493185695,0.30288244493185695,0.30288244493185695,0.30288244493185695,0.30288244493185695
45.4,0.43430340851664284,0.43430340851664284,0.43430340851664284,0.43430340851664284,0.43430340851664284,0.4342504777317765,0.4342504777317765,0.4342504777317765,0.4342504777317765,0.4342504777317765,0.1314461137515804,0.1314461137515804,0.1314461137515804,0.1314461137515804,0.1314461137515804,0.3028572947650623,0.3028572947650623,0.3028572947650623,0.3028572947650623,0.3028572947650623
45.5,0.4342854983727009,0.4342854983727009,0.4342854983727009,0.4342854983727009,0.4342854983727009,0.4342538014641088,0.4342538014641088,0.4342538014641088,0.4342538014641088,0.4342538014641088,0.1314607001631901,0.1314607001631901,0.1314607001631901,0.1314607001631901,0.1314607001631901,0.30282479820951064,0.30282479820951064,0.30282479820951064,0.30282479820951064,0.30282479820951064
45.6,0.43426598153023405,0.43426598153023405,0.43426598153023405,0.43426598153023405,0.43426598153023405,0.4342574147746173,0.4342574147746173,0.4342574147746173,0.4342574147746173,0.4342574147746173,0.13147660369514838,0.13147660369514838,0.13147660369514838,0.13147660369514838,0.13147660369514838,0.30278937783508547,0.30278937783508547,0.30278937783508547,0.30278937783508547,0.30278937783508547
45.7,0.4342469264583596,0.4342469264583596,0.4342469264583596,0.4342469264583596,0.4342469264583596,0.4342609366056993,0.4342609366056993,0.4342609366056993,0.4342609366056993,0.4342609366056993,0.13149213693594086,0.13149213693594086,0.13149213693594086,0.13149213693594086,0.13149213693594086,0.3027547895224185,0.3027547895224185,0.3027547895224185,0.3027547895224185,0.3027547895224185
45.8,0.4342300378160899,0.4342300378160899,0.4342300378160899,0.4342300378160899,0.4342300378160899,0.4342640530955746,0.4342640530955746,0.4342640530955746,0.4342640530955746,0.4342640530955746,0.13150590908833532,0.13150590908833532,0.13150590908833532,0.13150590908833532,0.13150590908833532,0.30272412872775434,0.30272412872775434,0.30272412872775434,0.30272412872775434,0.30272412872775434
45.9,0.43421665645233226,0.43421665645233226,0.43421665645233226,0.43421665645233226,0.43421665645233226,0.43426651757828605,0.43426651757828605,0.43426651757828605,0.43426651757828605,0.43426651757828605,0.1315168259693815,0.1315168259693815,0.1315168259693815,0.1315168259693815,0.1315168259693815,0.3026998304829505,0.3026998304829505,0.3026998304829505,0.3026998304829505,0.3026998304829505
46.0,0.43420775940588907,0.43420775940588907,0.43420775940588907,0.43420775940588907,0.43420775940588907,0.43426815058369944,0.43426815058369944,0.43426815058369944,0.43426815058369944,0.43426815058369944,0.13152409001041132,0.13152409001041132,0.13152409001041132,0.13152409001041132,0.13152409001041132,0.3026836693954775,0.3026836693954775,0.3026836693954775,0.3026836693954775,0.3026836693954775
46.1,0.43420395990545774,0.43420395990545774,0.43420395990545774,0.43420395990545774,0.43420395990545774,0.43426883983750336,0.43426883983750336,0.43426883983750336,0.43426883983750336,0.43426883983750336,0.13152720025703868,0.13152720025703868,0.13152720025703868,0.13152720025703868,0.13152720025703868,0.30267675964841884,0.30267675964841884,0.30267675964841884,0.30267675964841884,0.30267675964841884
46.2,0.43420550736963076,0.43420550736963076,0.43420550736963076,0.43420550736963076,0.43420550736963076,0.43426854026120937,0.43426854026120937,0.43426854026120937,0.43426854026120937,0.43426854026120937,0.13152595236915965,0.13152595236915965,0.13152595236915965,0.13152595236915965,0.13152595236915965,0.3026795550004709,0.3026795550004709,0.3026795550004709,0.3026795550004709,0.3026795550004709
46.3,0.4342122874068956,0.4342122874068956,0.4342122874068956,0.4342122874068956,0.4342122874068956,0.4342672739721519,0.4342672739721519,0.4342672739721519,0.4342672739721519,0.4342672739721519,0.13152043862095228,0.13152043862095228,0.13152043862095228,0.13152043862095228,0.13152043862095228,0.3026918487859431,0.3026918487859431,0.3026918487859431,0.3026918487859431,0.3026918487859431
46.4,0.43422382181563474,0.43422382181563474,0.43422382181563474,0.43422382181563474,0.43422382181563474,0.4342651302834883,0.4342651302834883,0.4342651302834883,0.4342651302834883,0.4342651302834883,0.13151104790087675,0.13151104790087675,0.13151104790087675,0.13151104790087675,0.13151104790087675,0.30271277391475776,0.30271277391475776,0.30271277391475776,0.30271277391475776,0.30271277391475776
46.5,0.4342392685841257,0.4342392685841257,0.4342392685841257,0.4342392685841257,0.4342392685841257,0.43426226570419874,0.43426226570419874,0.43426226570419874,0.43426226570419874,0.43426226570419874,0.13149846571167534,0.13149846571167534,0.13149846571167534,0.13149846571167534,0.13149846571167534,0.3027408028724502,0.3027408028724502,0.3027408028724502,0.3027408028724502,0.3027408028724502
46.6,0.4342574218905412,0.4342574218905412,0.4342574218905412,0.4342574218905412,0.4342574218905412,0.4342589039390863,0.4342589039390863,0.4342589039390863,0.4342589039390863,0.4342589039390863,0.13148367417037232,0.13148367417037232,0.13148367417037232,0.13148367417037232,0.13148367417037232,0.30277374772016874,0.30277374772016874,0.30277374772016874,0.30277374772016874,0.30277374772016874
46.7,0.43427671210294866,0.43427671210294866,0.43427671210294866,0.43427671210294866,0.43427671210294866,0.43425533588877707,0.43425533588877707,0.43425533588877707,0.43425533588877707,0.43425533588877707,0.13146795200827407,0.13146795200827407,0.13146795200827407,0.13146795200827407,0.13146795200827407,0.30280876009467445,0.30280876009467445,0.30280876009467445,0.30280876009467445,0.30280876009467445
46.8,0.4342952057793108,0.4342952057793108,0.4342952057793108,0.4342952057793108,0.4342952057793108,0.4342519196497199,0.4342519196497199,0.4342519196497199,0.4342519196497199,0.4342519196497199,0.1314528745709691,0.1314528745709691,0.1314528745709691,0.1314528745709691,0.1314528745709691,0.3028423312083416,0.3028423312083416,0.3028423312083416,0.3028423312083416,0.3028423312083416
46.9,0.43431060566748525,0.43431060566748525,0.43431060566748525,0.43431060566748525,0.43431060566748525,0.4342490805141866,0.4342490805141866,0.4342490805141866,0.4342490805141866,0.4342490805141866,0.13144031381832796,0.13144031381832796,0.13144031381832796,0.13144031381832796,0.13144031381832796,0.30287029184915726,0.30287029184915726,0.30287029184915726,0.30287029184915726,0.30287029184915726
47.0,0.4343202507052248,0.4343202507052248,0.4343202507052248,0.4343202507052248,0.4343202507052248,0.4342473109702718,0.4342473109702718,0.4342473109702718,0.4342473109702718,0.4342473109702718,0.1314324383245032,0.1314324383245032,0.1314324383245032,0.1314324383245032,0.1314324383245032,0.3028878123807216,0.3028878123807216,0.3028878123807216,0.3028878123807216,0.3028878123807216
47.1,0.43432111602017703,0.43432111602017703,0.43432111602017703,0.43432111602017703,0.43432111602017703,0.4342471707018932,0.4342471707018932,0.4342471707018932,0.4342471707018932,0.4342471707018932,0.13143171327792952,0.13143171327792952,0.13143171327792952,0.13143171327792952,0.13143171327792952,0.3028894027422475,0.3028894027422475,0.3028894027422475,0.3028894027422475,0.3028894027422475
47.2,0.4343108408573052,0.4343108408573052,0.4343108408573052,0.4343108408573052,0.4343108408573052,0.4342490944587911,0.4342490944587911,0.4342490944587911,0.4342490944587911,0.4342490944587911,0.13144006468390348,0.13144006468390348,0.13144006468390348,0.13144006468390348,0.13144006468390348,0.3028707761734017,0.3028707761734017,0.3028707761734017,0.3028707761734017,0.3028707761734017
47.3,0.434294452575781,0.434294452575781,0.434294452575781,0.434294452575781,0.434294452575781,0.43425214084451774,0.43425214084451774,0.43425214084451774,0.43425214084451774,0.43425214084451774,0.1314534065797011,0.1314534065797011,0.1314534065797011,0.1314534065797011,0.1314534065797011,0.30284104599607986,0.30284104599607986,0.30284104599607986,0.30284104599607986,0.30284104599607986
47.4,0.4342753424053806,0.4342753424053806,0.4342753424053806,0.4342753424053806,0.4342753424053806,0.43425568219578775,0.43425568219578775,0.43425568219578775,0.43425568219578775,0.43425568219578775,0.13146897539883148,0.13146897539883148,0.13146897539883148,0.13146897539883148,0.13146897539883148,0.30280636700654906,0.30280636700654906,0.30280636700654906,0.30280636700654906,0.30280636700654906
47.5,0.4342557594293868,0.4342557594293868,0.4342557594293868,0.4342557594293868,0.4342557594293868,0.434259304146735,0.434259304146735,0.434259304146735,0.434259304146735,0.434259304146735,0.13148493642387796,0.13148493642387796,0.13148493642387796,0.13148493642387796,0.13148493642387796,0.3027708230055088,0.3027708230055088,0.3027708230055088,0.3027708230055088,0.3027708230055088
47.6,0.43423758752406205,0.43423758752406205,0.43423758752406205,0.43423758752406205,0.43423758752406205,0.43426265977831796,0.43426265977831796,0.43426265977831796,0.43426265977831796,0.43426265977831796,0.13149975269761982,0.13149975269761982,0.13149975269761982,0.13149975269761982,0.13149975269761982,0.3027378348264421,0.3027378348264421,0.3027378348264421,0.3027378348264421,0.3027378348264421
47.7,0.43422234535864807,0.43422234535864807,0.43422234535864807,0.43422234535864807,0.43422234535864807,0.43426546961831936,0.43426546961831936,0.43426546961831936,0.43426546961831936,0.43426546961831936,0.13151218502303239,0.13151218502303239,0.13151218502303239,0.13151218502303239,0.13151218502303239,0.30271016033561554,0.30271016033561554,0.30271016033561554,0.30271016033561554,0.30271016033561554
47.8,0.4342111863953664,0.4342111863953664,0.4342111863953664,0.4342111863953664,0.4342111863953664,0.4342675216413464,0.4342675216413464,0.4342675216413464,0.4342675216413464,0.4342675216413464,0.13152129196328702,0.13152129196328702,0.13152129196328702,0.13152129196328702,0.13152129196328702,0.3026898944320792,0.3026898944320792,0.3026898944320792,0.3026898944320792,0.3026898944320792
47.9,0.43420489888941805,0.43420489888941805,0.43420489888941805,0.43420489888941805,0.43420489888941805,0.43426867126883073,0.43426867126883073,0.43426867126883073,0.43426867126883073,0.43426867126883073,0.13152642984175103,0.13152642984175103,0.13152642984175103,0.13152642984175103,0.13152642984175103,0.3026784690476669,0.3026784690476669,0.3026784690476669,0.3026784690476669,0.3026784690476669
48.0,0.43420390588898367,0.43420390588898367,0.43420390588898367,0.43420390588898367,0.43420390588898367,0.4342688413690283,0.4342688413690283,0.4342688413690283,0.4342688413690283,0.4342688413690283,0.1315272527419878,0.1315272527419878,0.1315272527419878,0.1315272527419878,0.1315272527419878,0.30267665314699577,0.30267665314699577,0.30267665314699577,0.30267665314699577,0.30267665314699577
48.1,0.4342082652352235,0.4342082652352235,0.4342082652352235,0.4342082652352235,0.4342082652352235,0.4342680222570196,0.4342680222570196,0.4342680222570196,0.4342680222570196,0.4342680222570196,0.1315237125077567,0.1315237125077567,0.1315237125077567,0.1315237125077567,0.1315237125077567,0.30268455272746664,0.30268455272746664,0.30268455272746664,0.30268455272746664,0.30268455272746664
48.2,0.4342176695622772,0.4342176695622772,0.4342176695622772,0.4342176695622772,0.4342176695622772,0.4342662716947094,0.4342662716947094,0.4342662716947094,0.4342662716947094,0.4342662716947094,0.13151605874301323,0.13151605874301323,0.13151605874301323,0.13151605874301323,0.13151605874301323,0.30270161081926394,0.30270161081926394,0.30270161081926394,0.30270161081926394,0.30270161081926394
48.3,0.43423144629726423,0.43423144629726423,0.43423144629726423,0.43423144629726423,0.43423144629726423,0.4342637148908269,0.4342637148908269,0.4342637148908269,0.4342637148908269,0.4342637148908269,0.13150483881190866,0.13150483881190866,0.13150483881190866,0.13150483881190866,0.13150483881190866,0.3027266074853555,0.3027266074853555,0.3027266074853555,0.3027266074853555,0.3027266074853555
48.4,0.4342485576602835,0.4342485576602835,0.4342485576602835,0.4342485576602835,0.4342485576602835,0.4342605445009258,0.4342605445009258,0.4342605445009258,0.4342605445009258,0.4342605445009258,0.13149089783879053,0.13149089783879053,0.13149089783879053,0.13149089783879053,0.13149089783879053,0.3027576598214929,0.3027576598214929,0.3027576598214929,0.3027576598214929,0.3027576598214929
48.5,0.4342676006644134,0.4342676006644134,0.4342676006644134,0.4342676006644134,0.4342676006644134,0.43425702062738414,0.43425702062738414,0.43425702062738414,0.43425702062738414,0.43425702062738414,0.13147537870820228,0.13147537870820228,0.13147537870820228,0.13147537870820228,0.13147537870820228,0.30279222195621114,0.30279222195621114,0.30279222195621114,0.30279222195621114,0.30279222195621114
48.6,0.43428680711571205,0.43428680711571205,0.43428680711571205,0.43428680711571205,0.43428680711571205,0.4342534708194044,0.4342534708194044,0.4342534708194044,0.4342534708194044,0.4342534708194044,0.13145972206488335,0.13145972206488335,0.13145972206488335,0.13145972206488335,0.13145972206488335,0.3028270850508288,0.3028270850508288,0.3028270850508288,0.3028270850508288,0.3028270850508288
48.7,0.4343040436132171,0.4343040436132171,0.4343040436132171,0.4343040436132171,0.4343040436132171,0.43425029007301347,0.43425029007301347,0.43425029007301347,0.43425029007301347,0.43425029007301347,0.13144566631376922,0.13144566631376922,0.13144566631376922,0.13144566631376922,0.13144566631376922,0.30285837729944803,0.30285837729944803,0.30285837729944803,0.30285837729944803,0.30285837729944803
48.8,0.43431681154894586,0.43431681154894586,0.43431681154894586,0.43431681154894586,0.43431681154894586,0.43424794083106255,0.43424794083106255,0.43424794083106255,0.43424794083106255,0.43424794083106255,0.13143524761999142,0.13143524761999142,0.13143524761999142,0.13143524761999142,0.13143524761999142,0.3028815639289546,0.3028815639289546,0.3028815639289546,0.3028815639289546,0.3028815639289546
48.9,0.434322247107895,0.434322247107895,0.434322247107895,0.434322247107895,0.434322247107895,0.43424695298322735,0.43424695298322735,0.43424695298322735,0.43424695298322735,0.43424695298322735,0.13143079990887746,0.13143079990887746,0.13143079990887746,0.13143079990887746,0.13143079990887746,0.3028914471990177,0.3028914471990177,0.3028914471990177,0.3028914471990177,0.3028914471990177
49.0,0.4343171254879725,0.4343171254879725,0.4343171254879725,0.4343171254879725,0.4343171254879725,0.4342479230823708,0.4342479230823708,0.4342479230823708,0.4342479230823708,0.4342479230823708,0.13143495142965647,0.13143495142965647,0.13143495142965647,0.13143495142965647,0.13143495142965647,0.30288217405831624,0.30288217405831624,0.30288217405831624,0.30288217405831624,0.30288217405831624
49.1,0.43430666519962086,0.43430666519962086,0.43430666519962086,0.43430666519962086,0.43430666519962086,0.43424987992910286,0.43424987992910286,0.43424987992910286,0.43424987992910286,0.43424987992910286,0.1314434548712761,0.1314434548712761,0.1314434548712761,0.1314434548712761,0.1314434548712761,0.30286321032834496,0.30286321032834496,0.30286321032834496,0.30286321032834496,0.30286321032834496
49.2,0.4342977217622998,0.4342977217622998,0.4342977217622998,0.4342977217622998,0.4342977217622998,0.43425155017153877,0.43425155017153877,0.43425155017153877,0.43425155017153877,0.43425155017153877,0.1314507280661613,0.1314507280661613,0.1314507280661613,0.1314507280661613,0.1314507280661613,0.3028469936961387,0.3028469936961387,0.3028469936961387,0.3028469936961387,0.3028469936961387
49.3,0.4342902784872048,0.4342902784872048,0.4342902784872048,0.4342902784872048,0.4342902784872048,0.434252937191952,0.434252937191952,0.434252937191952,0.434252937191952,0.434252937191952,0.13145678432084298,0.13145678432084298,0.13145678432084298,0.13145678432084298,0.13145678432084298,0.302833494166362,0.302833494166362,0.302833494166362,0.302833494166362,0.302833494166362
49.4,0.43428426772125733,0.43428426772125733,0.43428426772125733,0.43428426772125733,0.43428426772125733,0.43425405396093086,0.43425405396093086,0.43425405396093086,0.43425405396093086,0.43425405396093086,0.1314616783178116,0.1314616783178116,0.1314616783178116,0.1314616783178116,0.1314616783178116,0.30282258940344586,0.30282258940344586,0.30282258940344586,0.30282258940344586,0.30282258940344586
49.5,0.43427957084710456,0.43427957084710456,0.43427957084710456,0.43427957084710456,0.43427957084710456,0.43425492303737817,0.43425492303737817,0.43425492303737817,0.43425492303737817,0.43425492303737817,0.1314655061155171,0.1314655061155171,0.1314655061155171,0.1314655061155171,0.1314655061155171,0.3028140647315877,0.3028140647315877,0.3028140647315877,0.3028140647315877,0.3028140647315877
49.6,0.4342760182831196,0.4342760182831196,0.4342760182831196,0.4342760182831196,0.4342760182831196,0.4342555765685114,0.4342555765685114,0.4342555765685114,0.4342555765685114,0.4342555765685114,0.1314684051483688,0.1314684051483688,0.1314684051483688,0.1314684051483688,0.1314684051483688,0.302807613134751,0.302807613134751,0.302807613134751,0.302807613134751,0.302807613134751
49.7,0.43427338948340144,0.43427338948340144,0.43427338948340144,0.43427338948340144,0.43427338948340144,0.4342560562898628,0.4342560562898628,0.4342560562898628,0.4342560562898628,0.4342560562898628,0.13147055422673556,0.13147055422673556,0.13147055422673556,0.13147055422673556,0.13147055422673556,0.30280283525666607,0.30280283525666607,0.30280283525666607,0.30280283525666607,0.30280283525666607
49.8,0.4342714129377747,0.4342714129377747,0.4342714129377747,0.4342714129377747,0.4342714129377747,0.43425641352527933,0.43425641352527933,0.43425641352527933,0.43425641352527933,0.43425641352527933,0.13147217353694574,0.13147217353694574,0.13147217353694574,0.13147217353694574,0.13147217353694574,0.3027992394008292,0.3027992394008292,0.3027992394008292,0.3027992394008292,0.3027992394008292
49.9,0.43426976617179014,0.43426976617179014,0.43426976617179014,0.43426976617179014,0.43426976617179014,0.43425670918692255,0.43425670918692255,0.43425670918692255,0.43425670918692255,0.43425670918692255,0.13147352464128712,0.13147352464128712,0.13147352464128712,0.13147352464128712,0.13147352464128712,0.3027962415305032,0.3027962415305032,0.3027962415305032,0.3027962415305032,0.3027962415305032
50.0,0.43426807574672405,0.43426807574672405,0.43426807574672405,0.43426807574672405,0.43426807574672405,0.43425701377526876,0.43425701377526876,0.43425701377526876,0.43425701377526876,0.43425701377526876,0.131474910478007,0.131474910478007,0.131474910478007,0.131474910478007,0.131474910478007,0.30279316526871725,0.30279316526871725,0.30279316526871725,0.30279316526871725,0.30279316526871725
